source_jsonl_line,scenario_id,query_index,agent_id,step,target,oracle_probability,structured_probability,outer_fold
1,scenario_000,1,9,1,reshare,0.18,0.18506531491189668,4
2,scenario_000,1,10,1,reshare,0.08,0.09121667363955602,4
3,scenario_000,1,16,1,reshare,0.08,0.19948431185130583,4
4,scenario_000,1,18,1,reshare,0.18,0.1895917312125278,4
5,scenario_000,1,19,1,reshare,0.08,0.2021801670596242,4
6,scenario_000,1,25,1,reshare,0.18,0.29946830660661616,4
7,scenario_000,1,29,1,reshare,0.05,0.09468610736085001,4
8,scenario_000,1,32,1,reshare,0.12,0.16835736075351582,4
9,scenario_000,1,42,1,reshare,0.28,0.32887649494971016,4
10,scenario_000,1,44,1,reshare,0.12,0.27486907574857167,4
11,scenario_000,1,45,1,reshare,0.28,0.25728187346362547,4
12,scenario_000,1,2,2,reshare,0.46,0.34345107671324,4
13,scenario_000,1,5,2,reshare,0.18,0.23589726417309048,4
14,scenario_000,1,6,2,reshare,0.46,0.39174746519071063,4
15,scenario_000,2,9,2,reshare,0.18,0.21994365342969255,4
16,scenario_000,1,17,2,reshare,0.62,0.3681722596618015,4
17,scenario_000,2,19,2,reshare,0.34,0.25048564085867986,4
18,scenario_000,1,21,2,reshare,0.58,0.46156563819594115,4
19,scenario_000,2,32,2,reshare,0.28,0.18992952181656952,4
20,scenario_000,1,36,2,reshare,0.38,0.47413309059723924,4
21,scenario_000,2,44,2,reshare,0.42,0.3204931858516947,4
22,scenario_000,2,5,3,reshare,0.03,0.14320199769650355,4
23,scenario_000,1,8,3,reshare,0.12,0.1882135110186591,4
24,scenario_000,1,13,3,reshare,0.18,0.20122757543098563,4
25,scenario_000,1,15,3,reshare,0.05,0.12524914494549472,4
26,scenario_000,2,16,3,reshare,0.05,0.13656939293828857,4
27,scenario_000,2,17,3,reshare,0.42,0.37067975845569484,4
28,scenario_000,2,18,3,reshare,0.28,0.1237594682397327,4
29,scenario_000,1,20,3,reshare,0.41,0.29339813421827005,4
30,scenario_000,1,23,3,reshare,0.62,0.5162666920448882,4
31,scenario_000,1,24,3,reshare,0.38,0.25089603271650374,4
32,scenario_000,2,25,3,reshare,0.28,0.21492829885078804,4
33,scenario_000,1,26,3,reshare,0.72,0.5787033891861809,4
34,scenario_000,1,27,3,reshare,0.12,0.21947060089221004,4
35,scenario_000,1,28,3,reshare,0.58,0.4452682212382223,4
36,scenario_000,1,33,3,reshare,0.08,0.19922065149837176,4
37,scenario_000,1,35,3,reshare,0.18,0.21366261814180626,4
38,scenario_000,2,36,3,reshare,0.28,0.5388145185068294,4
39,scenario_000,1,40,3,reshare,0.62,0.3893827888050448,4
40,scenario_000,2,42,3,reshare,0.18,0.21553794196818676,4
41,scenario_000,1,43,3,reshare,0.38,0.369309189441841,4
42,scenario_000,2,45,3,reshare,0.41,0.263538204476779,4
43,scenario_000,1,46,3,reshare,0.28,0.39894217799198495,4
44,scenario_000,1,47,3,reshare,0.05,0.21937813842604123,4
45,scenario_000,2,2,4,reshare,0.46,0.3437073606542422,4
46,scenario_000,1,3,4,reshare,0.12,0.25917798299732253,4
47,scenario_000,1,11,4,reshare,0.18,0.1620471239361836,4
48,scenario_000,2,13,4,reshare,0.18,0.21709329038242003,4
49,scenario_000,1,14,4,reshare,0.12,0.1340257928951763,4
50,scenario_000,2,21,4,reshare,0.41,0.5170929788093537,4
51,scenario_000,2,23,4,reshare,0.62,0.5387371383332643,4
52,scenario_000,2,24,4,reshare,0.18,0.2555887300720863,4
53,scenario_000,2,27,4,reshare,0.34,0.2650834420111226,4
54,scenario_000,2,29,4,reshare,0.08,0.09739869220986741,4
55,scenario_000,1,34,4,reshare,0.18,0.280676320778242,4
56,scenario_000,2,35,4,reshare,0.34,0.26516911903251106,4
57,scenario_000,2,40,4,reshare,0.34,0.3070457308472155,4
58,scenario_000,2,47,4,reshare,0.38,0.24870486024763433,4
59,scenario_000,2,3,5,reshare,0.28,0.2977806537175616,4
60,scenario_000,2,6,5,reshare,0.46,0.4574009007629682,4
61,scenario_000,1,7,5,reshare,0.41,0.3977043534340669,4
62,scenario_000,2,10,5,reshare,0.22,0.1595656045047736,4
63,scenario_000,2,14,5,reshare,0.22,0.14962566798889929,4
64,scenario_000,2,20,5,reshare,0.46,0.3058189710528161,4
65,scenario_000,1,22,5,reshare,0.46,0.403248686672536,4
66,scenario_000,2,28,5,reshare,0.62,0.6037411025317881,4
67,scenario_000,1,31,5,reshare,0.46,0.41808442309328947,4
68,scenario_000,2,33,5,reshare,0.46,0.24594596728844798,4
69,scenario_000,2,43,5,reshare,0.41,0.4114527541409721,4
70,scenario_000,1,12,6,reshare,0.08,0.19304631260645774,4
71,scenario_000,2,34,6,reshare,0.41,0.3346364683092835,4
72,scenario_000,1,37,6,reshare,0.12,0.18373720968431242,4
73,scenario_000,1,41,6,reshare,0.28,0.3615887352374141,4
74,scenario_000,2,46,6,reshare,0.28,0.4072825534970275,4
75,scenario_000,1,49,6,reshare,0.62,0.4014504399694314,4
76,scenario_000,1,4,7,reshare,0.28,0.2015681319838238,4
77,scenario_001,1,5,1,reshare,0.18,0.11941444523331807,3
78,scenario_001,1,7,1,reshare,0.22,0.18243013524354976,3
79,scenario_001,1,9,1,reshare,0.08,0.14766184189586573,3
80,scenario_001,1,19,1,reshare,0.12,0.17782644150190471,3
81,scenario_001,1,20,1,reshare,0.28,0.19184829695504535,3
82,scenario_001,1,30,1,reshare,0.18,0.16999584674235263,3
83,scenario_001,1,32,1,reshare,0.38,0.27489301637324154,3
84,scenario_001,1,35,1,reshare,0.18,0.17023025824833624,3
85,scenario_001,1,39,1,reshare,0.08,0.10215516171565144,3
86,scenario_001,1,46,1,reshare,0.18,0.14577088364633392,3
87,scenario_001,1,47,1,reshare,0.12,0.15557591801014736,3
88,scenario_001,1,1,2,reshare,0.08,0.15984313081572762,3
89,scenario_001,1,27,2,reshare,0.28,0.18783313849200609,3
90,scenario_001,1,34,2,reshare,0.28,0.24659500357977074,3
91,scenario_001,1,36,2,reshare,0.08,0.08011814387972467,3
92,scenario_001,1,37,2,reshare,0.41,0.25973906484823595,3
93,scenario_002,1,3,1,reshare,0.05,0.12304009985156243,4
94,scenario_002,1,14,1,reshare,0.08,0.17004035502511633,4
95,scenario_002,1,17,1,reshare,0.31,0.32248948866136845,4
96,scenario_002,1,20,1,reshare,0.12,0.16789747193819388,4
97,scenario_002,1,22,1,reshare,0.18,0.23289515314399148,4
98,scenario_002,1,26,1,reshare,0.18,0.10305909274597527,4
99,scenario_002,1,28,1,reshare,0.05,0.08175904231831325,4
100,scenario_002,1,35,1,reshare,0.28,0.23698518710458752,4
101,scenario_002,1,36,1,reshare,0.05,0.11033503424573765,4
102,scenario_002,1,37,1,reshare,0.08,0.054567180554830105,4
103,scenario_002,1,38,1,reshare,0.22,0.21875484327302402,4
104,scenario_002,1,43,1,reshare,0.12,0.14789417142091857,4
105,scenario_002,1,44,1,reshare,0.08,0.06825313863034163,4
106,scenario_002,1,47,1,reshare,0.12,0.11153182375504667,4
107,scenario_002,2,3,2,reshare,0.18,0.14507091989384055,4
108,scenario_002,1,4,2,reshare,0.41,0.25412570171764826,4
109,scenario_002,1,6,2,reshare,0.22,0.11478887265083498,4
110,scenario_002,1,9,2,reshare,0.28,0.3506163456233196,4
111,scenario_002,1,16,2,reshare,0.18,0.18955177759351546,4
112,scenario_002,1,39,2,reshare,0.22,0.15926865842774227,4
113,scenario_002,2,47,2,reshare,0.18,0.112150975993758,4
114,scenario_002,1,48,2,reshare,0.22,0.20896123781540282,4
115,scenario_002,1,29,3,reshare,0.08,0.07627664945771616,4
116,scenario_002,2,38,3,reshare,0.22,0.2669870695863244,4
117,scenario_002,1,42,3,reshare,0.12,0.10679621862078706,4
118,scenario_003,1,0,1,reshare,0.12,0.15197745970324664,0
119,scenario_003,1,1,1,reshare,0.08,0.2799527318450193,0
120,scenario_003,1,3,1,reshare,0.18,0.20623722548818474,0
121,scenario_003,1,4,1,reshare,0.12,0.11121268941444833,0
122,scenario_003,1,5,1,reshare,0.12,0.09521841771505642,0
123,scenario_003,1,6,1,reshare,0.05,0.057834618957375905,0
124,scenario_003,1,7,1,reshare,0.18,0.24628256288784367,0
125,scenario_003,1,8,1,reshare,0.18,0.2402814282245056,0
126,scenario_003,1,10,1,reshare,0.12,0.09714056580958706,0
127,scenario_003,1,11,1,reshare,0.12,0.1702022399016744,0
128,scenario_003,1,15,1,reshare,0.08,0.16608869058232398,0
129,scenario_003,1,19,1,reshare,0.05,0.06406357138187885,0
130,scenario_003,1,20,1,reshare,0.18,0.26515303936812046,0
131,scenario_003,1,21,1,reshare,0.12,0.12824584220719715,0
132,scenario_003,1,25,1,reshare,0.08,0.10055736367879921,0
133,scenario_003,1,29,1,reshare,0.03,0.06226305001735441,0
134,scenario_003,1,30,1,reshare,0.12,0.2061938776226681,0
135,scenario_003,1,35,1,reshare,0.08,0.09235107283910629,0
136,scenario_003,1,2,2,reshare,0.12,0.11145458656507626,0
137,scenario_003,2,8,2,reshare,0.28,0.27461085987263983,0
138,scenario_003,1,9,2,reshare,0.08,0.06839027993867249,0
139,scenario_003,2,10,2,reshare,0.58,0.11860641629936702,0
140,scenario_003,1,16,2,reshare,0.05,0.08466923335972815,0
141,scenario_003,1,23,2,reshare,0.28,0.1418991915948104,0
142,scenario_003,1,24,2,reshare,0.28,0.2698250697709649,0
143,scenario_003,1,32,2,reshare,0.18,0.116192642380012,0
144,scenario_003,1,36,2,reshare,0.05,0.05876457841480073,0
145,scenario_003,1,42,2,reshare,0.41,0.22774665318664594,0
146,scenario_003,1,45,2,reshare,0.12,0.1129932562815447,0
147,scenario_003,1,47,2,reshare,0.08,0.10766163838816495,0
148,scenario_003,2,2,3,reshare,0.18,0.1340631133897749,0
149,scenario_003,2,3,3,reshare,0.28,0.24442486634057042,0
150,scenario_003,2,4,3,reshare,0.12,0.15319604175789422,0
151,scenario_003,2,5,3,reshare,0.18,0.11177494724250989,0
152,scenario_003,2,9,3,reshare,0.18,0.10754459928669236,0
153,scenario_003,2,16,3,reshare,0.03,0.10023312758878751,0
154,scenario_003,1,18,3,reshare,0.18,0.13184353483478445,0
155,scenario_003,2,19,3,reshare,0.18,0.10405409129421155,0
156,scenario_003,2,21,3,reshare,0.18,0.17298501141086142,0
157,scenario_003,2,25,3,reshare,0.18,0.13304023465796974,0
158,scenario_003,2,30,3,reshare,0.18,0.2547727652498725,0
159,scenario_003,2,32,3,reshare,0.18,0.16664672829458407,0
160,scenario_003,1,34,3,reshare,0.18,0.2179213352691383,0
161,scenario_003,2,35,3,reshare,0.12,0.13735396636563568,0
162,scenario_003,1,40,3,reshare,0.46,0.41677411528253167,0
163,scenario_003,1,43,3,reshare,0.28,0.3537789786311397,0
164,scenario_003,2,6,4,reshare,0.03,0.02922704934848167,0
165,scenario_003,2,24,4,reshare,0.08,0.17497053972432558,0
166,scenario_003,1,26,4,reshare,0.05,0.12667630799119756,0
167,scenario_003,1,38,4,reshare,0.08,0.14624205646387328,0
168,scenario_003,2,42,4,reshare,0.08,0.15884966636359962,0
169,scenario_003,2,47,4,reshare,0.03,0.05724417489790913,0
170,scenario_004,1,2,1,reshare,0.18,0.12992751498351685,2
171,scenario_004,1,4,1,reshare,0.46,0.33577292598960234,2
172,scenario_004,1,6,1,reshare,0.22,0.26398452847175785,2
173,scenario_004,1,7,1,reshare,0.62,0.27226873939639645,2
174,scenario_004,1,16,1,reshare,0.48,0.3091247031007357,2
175,scenario_004,1,19,1,reshare,0.62,0.3581131074353823,2
176,scenario_004,1,22,1,reshare,0.46,0.2765242450472102,2
177,scenario_004,1,24,1,reshare,0.42,0.22331897429882033,2
178,scenario_004,1,43,1,reshare,0.12,0.08371364671816885,2
179,scenario_004,1,46,1,reshare,0.42,0.3264121516939603,2
180,scenario_004,1,48,1,reshare,0.41,0.20714118226159065,2
181,scenario_004,2,4,2,reshare,0.42,0.4138312572831739,2
182,scenario_004,1,5,2,reshare,0.78,0.5643032889739804,2
183,scenario_004,1,9,2,reshare,0.22,0.25002932447450477,2
184,scenario_004,1,14,2,reshare,0.46,0.3615270453666191,2
185,scenario_004,1,15,2,reshare,0.41,0.24091824475724852,2
186,scenario_004,2,16,2,reshare,0.41,0.3013865263376206,2
187,scenario_004,1,20,2,reshare,0.28,0.227743144737834,2
188,scenario_004,2,22,2,reshare,0.38,0.28441118916134817,2
189,scenario_004,1,25,2,reshare,0.62,0.3742981733350821,2
190,scenario_004,1,30,2,reshare,0.41,0.2373761959854493,2
191,scenario_004,1,33,2,reshare,0.46,0.2945628236177947,2
192,scenario_004,1,37,2,reshare,0.58,0.32211414228208773,2
193,scenario_004,1,45,2,reshare,0.18,0.1822784250998232,2
194,scenario_004,1,47,2,reshare,0.62,0.4229598611510657,2
195,scenario_004,2,48,2,reshare,0.62,0.2020547873584807,2
196,scenario_004,2,2,3,reshare,0.18,0.14844257329584865,2
197,scenario_004,2,5,3,reshare,0.82,0.6601903047834713,2
198,scenario_004,2,7,3,reshare,0.46,0.37106046525794,2
199,scenario_004,1,8,3,reshare,0.72,0.5720465589287794,2
200,scenario_004,2,9,3,reshare,0.28,0.40574448935895535,2
201,scenario_004,1,10,3,reshare,0.34,0.3022748295112354,2
202,scenario_004,1,11,3,reshare,0.38,0.39518602025610594,2
203,scenario_004,1,12,3,reshare,0.28,0.23037025236893882,2
204,scenario_004,1,18,3,reshare,0.62,0.4001020329993323,2
205,scenario_004,2,19,3,reshare,0.78,0.7617279297295205,2
206,scenario_004,2,20,3,reshare,0.28,0.31813081347502253,2
207,scenario_004,1,21,3,reshare,0.42,0.3102299449077404,2
208,scenario_004,1,23,3,reshare,0.28,0.1767182546330115,2
209,scenario_004,2,25,3,reshare,0.72,0.5120339143747196,2
210,scenario_004,1,26,3,reshare,0.72,0.47934258198576907,2
211,scenario_004,1,32,3,reshare,0.62,0.35001047004584174,2
212,scenario_004,2,33,3,reshare,0.62,0.37711558625786534,2
213,scenario_004,1,34,3,reshare,0.42,0.39420120243822565,2
214,scenario_004,1,35,3,reshare,0.42,0.203895994641391,2
215,scenario_004,2,37,3,reshare,0.62,0.40987270051451735,2
216,scenario_004,1,38,3,reshare,0.79,0.5589782429167144,2
217,scenario_004,1,40,3,reshare,0.34,0.2684553526569521,2
218,scenario_004,1,41,3,reshare,0.34,0.17520214737936993,2
219,scenario_004,2,43,3,reshare,0.18,0.09676605874070113,2
220,scenario_004,2,46,3,reshare,0.62,0.3710304757019453,2
221,scenario_004,1,49,3,reshare,0.74,0.40189677810775704,2
222,scenario_004,1,0,4,reshare,0.74,0.5226845421418623,2
223,scenario_004,1,3,4,reshare,0.62,0.4362074840450873,2
224,scenario_004,2,6,4,reshare,0.08,0.2588765457539815,2
225,scenario_004,2,8,4,reshare,0.18,0.3002057705580495,2
226,scenario_004,2,10,4,reshare,0.28,0.33777901362705276,2
227,scenario_004,2,12,4,reshare,0.62,0.3190015043335131,2
228,scenario_004,1,13,4,reshare,0.41,0.41442633163514,2
229,scenario_004,2,14,4,reshare,0.18,0.23759111460092572,2
230,scenario_004,2,18,4,reshare,0.42,0.4641468402086131,2
231,scenario_004,2,21,4,reshare,0.34,0.39674624923575696,2
232,scenario_004,2,23,4,reshare,0.18,0.18165731943141764,2
233,scenario_004,2,24,4,reshare,0.18,0.22437042373701763,2
234,scenario_004,1,27,4,reshare,0.62,0.37478201202873224,2
235,scenario_004,1,29,4,reshare,0.42,0.3534701674318877,2
236,scenario_004,2,30,4,reshare,0.46,0.30965440040894765,2
237,scenario_004,1,31,4,reshare,0.46,0.4314256291226887,2
238,scenario_004,2,32,4,reshare,0.74,0.4157663299797938,2
239,scenario_004,2,34,4,reshare,0.18,0.3002941797323551,2
240,scenario_004,2,35,4,reshare,0.34,0.3082885873403825,2
241,scenario_004,2,38,4,reshare,0.58,0.5555088793134316,2
242,scenario_004,1,39,4,reshare,0.58,0.4228231750945954,2
243,scenario_004,2,40,4,reshare,0.34,0.31938359033877706,2
244,scenario_004,1,42,4,reshare,0.74,0.39704245819049006,2
245,scenario_004,1,44,4,reshare,0.42,0.2826095093430911,2
246,scenario_004,2,45,4,reshare,0.08,0.1944522230442584,2
247,scenario_004,2,47,4,reshare,0.18,0.30015246667614054,2
248,scenario_004,2,3,5,reshare,0.18,0.4329366800334992,2
249,scenario_004,2,11,5,reshare,0.18,0.4683467219113851,2
250,scenario_004,2,15,5,reshare,0.46,0.34085324781184445,2
251,scenario_004,2,29,5,reshare,0.63,0.4196350694435088,2
252,scenario_004,2,31,5,reshare,0.42,0.48843822944153353,2
253,scenario_004,1,36,5,reshare,0.62,0.41341419995184164,2
254,scenario_004,2,39,5,reshare,0.58,0.4315598046709917,2
255,scenario_004,2,41,5,reshare,0.28,0.20348314515667268,2
256,scenario_004,2,42,5,reshare,0.41,0.4563923216532316,2
257,scenario_004,2,49,5,reshare,0.62,0.4889853561912741,2
258,scenario_004,2,13,6,reshare,0.38,0.44644264980488296,2
259,scenario_004,2,27,6,reshare,0.78,0.4946088933121863,2
260,scenario_004,2,26,7,reshare,0.62,0.46390374720784494,2
261,scenario_005,1,4,1,reshare,0.18,0.24605017945217744,2
262,scenario_005,1,6,1,reshare,0.12,0.29214718557281394,2
263,scenario_005,1,7,1,reshare,0.48,0.2808322095508164,2
264,scenario_005,1,9,1,reshare,0.48,0.28230239788259176,2
265,scenario_005,1,12,1,reshare,0.18,0.14719638723412673,2
266,scenario_005,1,19,1,reshare,0.18,0.19086127962465493,2
267,scenario_005,1,35,1,reshare,0.18,0.19908756936040087,2
268,scenario_005,1,36,1,reshare,0.28,0.2338457742975814,2
269,scenario_005,1,37,1,reshare,0.58,0.33209097189048525,2
270,scenario_005,1,44,1,reshare,0.18,0.24012118898392537,2
271,scenario_005,1,46,1,reshare,0.28,0.3258432828649822,2
272,scenario_005,1,49,1,reshare,0.41,0.21422268503367864,2
273,scenario_005,1,26,2,reshare,0.18,0.138059966588839,2
274,scenario_005,1,39,2,reshare,0.12,0.09782604242864484,2
275,scenario_006,1,0,1,reshare,0.46,0.3393136630364379,1
276,scenario_006,1,1,1,reshare,0.18,0.16822649406489576,1
277,scenario_006,1,5,1,reshare,0.42,0.3016158411282398,1
278,scenario_006,1,6,1,reshare,0.62,0.5423964952936029,1
279,scenario_006,1,12,1,reshare,0.62,0.3616318640569031,1
280,scenario_006,1,13,1,reshare,0.42,0.42942407440876446,1
281,scenario_006,1,16,1,reshare,0.41,0.336752486578746,1
282,scenario_006,1,26,1,reshare,0.46,0.34844474697704353,1
283,scenario_006,1,28,1,reshare,0.28,0.30080200334445106,1
284,scenario_006,1,33,1,reshare,0.38,0.2090127494976776,1
285,scenario_006,1,37,1,reshare,0.46,0.3110131451851545,1
286,scenario_006,1,39,1,reshare,0.42,0.4760308458793064,1
287,scenario_006,1,40,1,reshare,0.62,0.34953120622405104,1
288,scenario_006,1,45,1,reshare,0.34,0.31893303659672184,1
289,scenario_006,1,49,1,reshare,0.68,0.5160746646504255,1
290,scenario_006,1,4,2,reshare,0.28,0.1689356057912121,1
291,scenario_006,2,6,2,reshare,0.78,0.7457799372960138,1
292,scenario_006,1,7,2,reshare,0.38,0.2787012752593389,1
293,scenario_006,1,10,2,reshare,0.62,0.42255734610462153,1
294,scenario_006,1,11,2,reshare,0.84,0.6646994580990171,1
295,scenario_006,2,12,2,reshare,0.46,0.4622301816227296,1
296,scenario_006,2,16,2,reshare,0.46,0.40495076043115635,1
297,scenario_006,1,24,2,reshare,0.46,0.38583718066117817,1
298,scenario_006,1,25,2,reshare,0.46,0.5436920396517739,1
299,scenario_006,2,26,2,reshare,0.46,0.4025778502259461,1
300,scenario_006,1,27,2,reshare,0.62,0.6557817213007997,1
301,scenario_006,2,28,2,reshare,0.18,0.3540120850708576,1
302,scenario_006,1,29,2,reshare,0.34,0.3268361128353307,1
303,scenario_006,1,31,2,reshare,0.72,0.5176375504612617,1
304,scenario_006,1,32,2,reshare,0.42,0.3564096530963266,1
305,scenario_006,1,34,2,reshare,0.78,0.529980278086757,1
306,scenario_006,1,36,2,reshare,0.72,0.4841640384095461,1
307,scenario_006,2,37,2,reshare,0.63,0.44174074552590037,1
308,scenario_006,2,39,2,reshare,0.34,0.5655737057622898,1
309,scenario_006,2,45,2,reshare,0.18,0.37075128347024017,1
310,scenario_006,1,48,2,reshare,0.74,0.49343364233493553,1
311,scenario_006,2,49,2,reshare,0.78,0.7439509175708202,1
312,scenario_006,2,0,3,reshare,0.34,0.4009302503734299,1
313,scenario_006,1,3,3,reshare,0.42,0.2960395293092823,1
314,scenario_006,1,8,3,reshare,0.22,0.2537188350799998,1
315,scenario_006,1,9,3,reshare,0.08,0.19043083417347634,1
316,scenario_006,2,10,3,reshare,0.62,0.5341465899692436,1
317,scenario_006,2,11,3,reshare,0.41,0.5983181292520835,1
318,scenario_006,1,18,3,reshare,0.18,0.14003511108728445,1
319,scenario_006,1,20,3,reshare,0.34,0.25173775470234444,1
320,scenario_006,2,24,3,reshare,0.08,0.25704985423100835,1
321,scenario_006,2,27,3,reshare,0.72,0.8283876228866782,1
322,scenario_006,2,29,3,reshare,0.18,0.3823323901308841,1
323,scenario_006,1,30,3,reshare,0.63,0.6313935418667508,1
324,scenario_006,2,31,3,reshare,0.58,0.5654371229949675,1
325,scenario_006,2,36,3,reshare,0.58,0.5697263132217664,1
326,scenario_006,1,38,3,reshare,0.38,0.5581772248485837,1
327,scenario_006,2,40,3,reshare,0.58,0.6428077933523779,1
328,scenario_006,1,41,3,reshare,0.58,0.45814356596936806,1
329,scenario_006,1,42,3,reshare,0.34,0.338605758940922,1
330,scenario_006,1,43,3,reshare,0.52,0.438595000445895,1
331,scenario_006,1,46,3,reshare,0.12,0.1078013444866014,1
332,scenario_006,2,1,4,reshare,0.08,0.17108528130600067,1
333,scenario_006,2,3,4,reshare,0.28,0.3005943769959032,1
334,scenario_006,2,4,4,reshare,0.22,0.17964500449824966,1
335,scenario_006,2,5,4,reshare,0.42,0.3733595162453073,1
336,scenario_006,2,7,4,reshare,0.42,0.34270956784187107,1
337,scenario_006,2,8,4,reshare,0.18,0.2926712974240496,1
338,scenario_006,2,9,4,reshare,0.34,0.23350414481516807,1
339,scenario_006,1,17,4,reshare,0.68,0.4405932153020947,1
340,scenario_006,2,18,4,reshare,0.18,0.22315476429639564,1
341,scenario_006,1,19,4,reshare,0.68,0.3930094107597955,1
342,scenario_006,1,22,4,reshare,0.62,0.47934259723976175,1
343,scenario_006,2,25,4,reshare,0.42,0.5578346878447641,1
344,scenario_006,2,30,4,reshare,0.62,0.67546199599669,1
345,scenario_006,2,32,4,reshare,0.38,0.4685897973872759,1
346,scenario_006,2,33,4,reshare,0.28,0.22422147108310406,1
347,scenario_006,2,34,4,reshare,0.62,0.6502139644463059,1
348,scenario_006,1,35,4,reshare,0.28,0.3237701043150757,1
349,scenario_006,2,41,4,reshare,0.42,0.56045298920933,1
350,scenario_006,2,46,4,reshare,0.28,0.1697673605886545,1
351,scenario_006,1,47,4,reshare,0.46,0.37950069817384935,1
352,scenario_006,2,48,4,reshare,0.46,0.5401183719771872,1
353,scenario_006,1,2,5,reshare,0.58,0.42606211972465635,1
354,scenario_006,2,13,5,reshare,0.62,0.5361793540717461,1
355,scenario_006,1,15,5,reshare,0.72,0.5080150186448356,1
356,scenario_006,2,17,5,reshare,0.62,0.5191738809858039,1
357,scenario_006,2,19,5,reshare,0.22,0.39987066762492346,1
358,scenario_006,2,38,5,reshare,0.18,0.4234679344385806,1
359,scenario_006,2,43,5,reshare,0.46,0.5056197297223561,1
360,scenario_006,2,15,6,reshare,0.46,0.515180117409778,1
361,scenario_007,1,2,1,reshare,0.08,0.13749847291839307,0
362,scenario_007,1,3,1,reshare,0.18,0.2586913950330665,0
363,scenario_007,1,4,1,reshare,0.28,0.290491209453987,0
364,scenario_007,1,5,1,reshare,0.18,0.2563422297288982,0
365,scenario_007,1,12,1,reshare,0.28,0.4459975435975144,0
366,scenario_007,1,16,1,reshare,0.22,0.31098118846620026,0
367,scenario_007,1,17,1,reshare,0.28,0.33879726513092157,0
368,scenario_007,1,19,1,reshare,0.18,0.367266706670027,0
369,scenario_007,1,23,1,reshare,0.18,0.3718343189927191,0
370,scenario_007,1,35,1,reshare,0.18,0.23292708661020747,0
371,scenario_007,1,39,1,reshare,0.22,0.5906237669710972,0
372,scenario_007,1,40,1,reshare,0.12,0.22269542628655403,0
373,scenario_007,1,43,1,reshare,0.28,0.28885389212470197,0
374,scenario_007,1,44,1,reshare,0.18,0.2603724672223096,0
375,scenario_007,1,0,2,reshare,0.18,0.25920072476235734,0
376,scenario_007,1,6,2,reshare,0.42,0.5160987327457793,0
377,scenario_007,1,10,2,reshare,0.18,0.15724717473815764,0
378,scenario_007,1,15,2,reshare,0.08,0.1582503987905971,0
379,scenario_007,2,17,2,reshare,0.08,0.2207144416789264,0
380,scenario_007,1,18,2,reshare,0.18,0.26830947735448446,0
381,scenario_007,1,21,2,reshare,0.18,0.32868301028106917,0
382,scenario_007,1,22,2,reshare,0.18,0.28001514425207236,0
383,scenario_007,1,25,2,reshare,0.18,0.41996252836298065,0
384,scenario_007,1,26,2,reshare,0.28,0.38155598413113834,0
385,scenario_007,1,29,2,reshare,0.18,0.1481733467360633,0
386,scenario_007,1,30,2,reshare,0.12,0.20480468270493563,0
387,scenario_007,1,31,2,reshare,0.12,0.3854896253832287,0
388,scenario_007,1,36,2,reshare,0.12,0.10515174156887269,0
389,scenario_007,1,46,2,reshare,0.08,0.19307555407850843,0
390,scenario_007,1,48,2,reshare,0.18,0.1810405267427647,0
391,scenario_007,1,11,3,reshare,0.28,0.3934825034467586,0
392,scenario_007,2,15,3,reshare,0.18,0.1574124685918087,0
393,scenario_007,2,16,3,reshare,0.18,0.3119145179589856,0
394,scenario_007,2,21,3,reshare,0.31,0.3785790577328201,0
395,scenario_007,1,33,3,reshare,0.12,0.22951644396931578,0
396,scenario_007,2,35,3,reshare,0.12,0.23672993136613238,0
397,scenario_007,2,39,3,reshare,0.12,0.5993471414687915,0
398,scenario_007,2,40,3,reshare,0.08,0.2231320844414215,0
399,scenario_007,1,45,3,reshare,0.18,0.3037582091546305,0
400,scenario_007,2,46,3,reshare,0.12,0.21006737931143002,0
401,scenario_008,1,2,1,reshare,0.12,0.07865841037856153,4
402,scenario_008,1,11,1,reshare,0.05,0.038260049775427164,4
403,scenario_008,1,14,1,reshare,0.03,0.03922118436340784,4
404,scenario_008,1,15,1,reshare,0.12,0.1346609928399348,4
405,scenario_008,1,19,1,reshare,0.18,0.18388347034030647,4
406,scenario_008,1,20,1,reshare,0.18,0.20741095613621696,4
407,scenario_008,1,21,1,reshare,0.08,0.15965566497998737,4
408,scenario_008,1,22,1,reshare,0.18,0.18729518744248108,4
409,scenario_008,1,24,1,reshare,0.05,0.04015928334058958,4
410,scenario_008,1,27,1,reshare,0.08,0.10922566892965219,4
411,scenario_008,1,28,1,reshare,0.08,0.07050173205529928,4
412,scenario_008,1,30,1,reshare,0.58,0.34173539533098374,4
413,scenario_008,1,31,1,reshare,0.03,0.060669523042328796,4
414,scenario_008,1,32,1,reshare,0.28,0.17442169842199629,4
415,scenario_008,1,34,1,reshare,0.08,0.14326875040644424,4
416,scenario_008,1,38,1,reshare,0.12,0.15188086228088954,4
417,scenario_008,1,41,1,reshare,0.12,0.13420355243802545,4
418,scenario_008,1,42,1,reshare,0.18,0.1413911933297675,4
419,scenario_008,1,48,1,reshare,0.05,0.0709112126707492,4
420,scenario_008,1,3,2,reshare,0.18,0.2506366597601111,4
421,scenario_008,1,4,2,reshare,0.08,0.0496355931400693,4
422,scenario_008,1,8,2,reshare,0.08,0.13235814260445836,4
423,scenario_008,1,10,2,reshare,0.08,0.09679263078144877,4
424,scenario_008,2,15,2,reshare,0.12,0.1495395544270404,4
425,scenario_008,2,19,2,reshare,0.04,0.10872762293087207,4
426,scenario_008,2,21,2,reshare,0.18,0.2055856540987367,4
427,scenario_008,2,22,2,reshare,0.08,0.12032583984967718,4
428,scenario_008,2,27,2,reshare,0.03,0.07131780219878303,4
429,scenario_008,1,29,2,reshare,0.06,0.06064540692249764,4
430,scenario_008,1,37,2,reshare,0.08,0.0575541584923857,4
431,scenario_008,2,42,2,reshare,0.18,0.14675555962395284,4
432,scenario_008,1,47,2,reshare,0.08,0.09784074863358663,4
433,scenario_008,2,48,2,reshare,0.05,0.07253307456713981,4
434,scenario_008,1,0,3,reshare,0.12,0.14082146949714072,4
435,scenario_008,2,3,3,reshare,0.18,0.2521174758208802,4
436,scenario_008,1,9,3,reshare,0.18,0.185886460267788,4
437,scenario_008,1,13,3,reshare,0.18,0.2792429245261196,4
438,scenario_008,2,20,3,reshare,0.41,0.2875151283641441,4
439,scenario_008,2,30,3,reshare,0.41,0.417032697732782,4
440,scenario_008,1,33,3,reshare,0.18,0.24012257589213673,4
441,scenario_008,2,41,3,reshare,0.18,0.16854454014316206,4
442,scenario_008,1,43,3,reshare,0.18,0.19093570050583328,4
443,scenario_009,1,1,1,reshare,0.28,0.3435951849052353,3
444,scenario_009,1,2,1,reshare,0.08,0.22304441023265423,3
445,scenario_009,1,8,1,reshare,0.08,0.22428873892828957,3
446,scenario_009,1,12,1,reshare,0.28,0.29596705994203415,3
447,scenario_009,1,14,1,reshare,0.18,0.15074366002343403,3
448,scenario_009,1,15,1,reshare,0.18,0.3279255425415629,3
449,scenario_009,1,17,1,reshare,0.18,0.1961224951661228,3
450,scenario_009,1,20,1,reshare,0.42,0.40594231554489013,3
451,scenario_009,1,23,1,reshare,0.38,0.2763710197849854,3
452,scenario_009,1,24,1,reshare,0.28,0.30983663871023764,3
453,scenario_009,1,25,1,reshare,0.08,0.1464388221668304,3
454,scenario_009,1,30,1,reshare,0.08,0.3224719621726185,3
455,scenario_009,1,31,1,reshare,0.41,0.3754881934675385,3
456,scenario_009,1,32,1,reshare,0.28,0.3350773259620028,3
457,scenario_009,1,38,1,reshare,0.41,0.380692408070616,3
458,scenario_009,1,40,1,reshare,0.08,0.14044581215601287,3
459,scenario_009,1,41,1,reshare,0.41,0.3048126493528178,3
460,scenario_009,1,46,1,reshare,0.28,0.2440521417953744,3
461,scenario_009,1,49,1,reshare,0.58,0.4375005896353257,3
462,scenario_009,1,4,2,reshare,0.28,0.2482588153613614,3
463,scenario_009,1,5,2,reshare,0.46,0.4325946605398984,3
464,scenario_009,1,6,2,reshare,0.62,0.41907584399664877,3
465,scenario_009,2,8,2,reshare,0.08,0.1425825327604853,3
466,scenario_009,1,10,2,reshare,0.18,0.31383613026209056,3
467,scenario_009,1,11,2,reshare,0.42,0.2763069118684926,3
468,scenario_009,2,14,2,reshare,0.42,0.20917588392478376,3
469,scenario_009,2,17,2,reshare,0.62,0.2486373758706271,3
470,scenario_009,2,20,2,reshare,0.62,0.5450853316165688,3
471,scenario_009,1,21,2,reshare,0.58,0.4356329466329057,3
472,scenario_009,2,23,2,reshare,0.28,0.28412643931206144,3
473,scenario_009,1,26,2,reshare,0.42,0.42001677833146195,3
474,scenario_009,1,29,2,reshare,0.41,0.39081262463104716,3
475,scenario_009,2,30,2,reshare,0.46,0.3558515826348668,3
476,scenario_009,1,39,2,reshare,0.18,0.29210260180456665,3
477,scenario_009,2,41,2,reshare,0.08,0.19304357606783681,3
478,scenario_009,1,43,2,reshare,0.18,0.44756704808908987,3
479,scenario_009,1,44,2,reshare,0.12,0.19557810636765177,3
480,scenario_009,2,46,2,reshare,0.12,0.2449681036710057,3
481,scenario_009,2,2,3,reshare,0.62,0.271920057492544,3
482,scenario_009,2,4,3,reshare,0.18,0.2616455946180079,3
483,scenario_009,2,5,3,reshare,0.62,0.49638591137107235,3
484,scenario_009,2,10,3,reshare,0.28,0.3743212309661214,3
485,scenario_009,2,11,3,reshare,0.05,0.1853590845466547,3
486,scenario_009,2,12,3,reshare,0.18,0.3021718015934905,3
487,scenario_009,1,18,3,reshare,0.38,0.39475680794728046,3
488,scenario_009,2,21,3,reshare,0.58,0.5552686708775179,3
489,scenario_009,1,27,3,reshare,0.34,0.22784670355009418,3
490,scenario_009,2,29,3,reshare,0.08,0.2574635253440855,3
491,scenario_009,1,35,3,reshare,0.12,0.35668432783671783,3
492,scenario_009,1,36,3,reshare,0.28,0.3506849690812994,3
493,scenario_009,2,38,3,reshare,0.42,0.48407809713736344,3
494,scenario_009,2,40,3,reshare,0.08,0.07941782850799507,3
495,scenario_009,1,47,3,reshare,0.18,0.18947110098758874,3
496,scenario_009,1,48,3,reshare,0.18,0.21968995805533614,3
497,scenario_009,2,49,3,reshare,0.46,0.4549317522418503,3
498,scenario_009,2,36,4,reshare,0.28,0.403896620887255,3
499,scenario_009,2,44,4,reshare,0.28,0.27642255766084667,3
500,scenario_010,1,2,1,reshare,0.18,0.28918135228566544,4
501,scenario_010,1,5,1,reshare,0.18,0.32354557484055974,4
502,scenario_010,1,9,1,reshare,0.18,0.38310074668273414,4
503,scenario_010,1,10,1,reshare,0.38,0.26455076780795067,4
504,scenario_010,1,14,1,reshare,0.18,0.14788970626949483,4
505,scenario_010,1,19,1,reshare,0.18,0.17779336366864976,4
506,scenario_010,1,25,1,reshare,0.18,0.2600357002690082,4
507,scenario_010,1,26,1,reshare,0.12,0.22236127649706638,4
508,scenario_010,1,28,1,reshare,0.18,0.16699748534507763,4
509,scenario_010,1,35,1,reshare,0.28,0.21691797242311603,4
510,scenario_010,1,38,1,reshare,0.34,0.3269585875707668,4
511,scenario_010,1,40,1,reshare,0.41,0.3835908974455221,4
512,scenario_010,1,41,1,reshare,0.46,0.3314499275078034,4
513,scenario_010,1,46,1,reshare,0.18,0.18117463748416612,4
514,scenario_010,1,1,2,reshare,0.41,0.3009117652950636,4
515,scenario_010,1,4,2,reshare,0.46,0.23446893802803376,4
516,scenario_010,2,5,2,reshare,0.38,0.3914928161968237,4
517,scenario_010,1,6,2,reshare,0.42,0.2701941207842087,4
518,scenario_010,1,11,2,reshare,0.46,0.2438799758277424,4
519,scenario_010,1,12,2,reshare,0.46,0.2619171074567849,4
520,scenario_010,2,14,2,reshare,0.34,0.3232982822357179,4
521,scenario_010,1,20,2,reshare,0.58,0.3194833411081852,4
522,scenario_010,1,27,2,reshare,0.28,0.27241397426893077,4
523,scenario_010,2,28,2,reshare,0.28,0.22691038506484296,4
524,scenario_010,1,39,2,reshare,0.28,0.1770524866665346,4
525,scenario_010,1,48,2,reshare,0.62,0.3455304229152675,4
526,scenario_010,1,0,3,reshare,0.18,0.12385492960772855,4
527,scenario_010,2,2,3,reshare,0.18,0.24895933700516976,4
528,scenario_010,1,3,3,reshare,0.46,0.36874500140920324,4
529,scenario_010,2,4,3,reshare,0.28,0.28370098701191326,4
530,scenario_010,2,6,3,reshare,0.18,0.27913850758088604,4
531,scenario_010,2,9,3,reshare,0.28,0.28644309000346063,4
532,scenario_010,2,10,3,reshare,0.28,0.27224529305591305,4
533,scenario_010,2,11,3,reshare,0.12,0.16702646182397088,4
534,scenario_010,2,12,3,reshare,0.28,0.30376829524465715,4
535,scenario_010,1,17,3,reshare,0.46,0.35550857939775216,4
536,scenario_010,2,19,3,reshare,0.28,0.19661937817297315,4
537,scenario_010,1,24,3,reshare,0.18,0.20258972254589938,4
538,scenario_010,2,25,3,reshare,0.41,0.32721907892925295,4
539,scenario_010,2,26,3,reshare,0.18,0.2886071140457532,4
540,scenario_010,1,29,3,reshare,0.41,0.3197611686260365,4
541,scenario_010,1,31,3,reshare,0.28,0.21391784546098314,4
542,scenario_010,1,37,3,reshare,0.58,0.34157932075574654,4
543,scenario_010,2,39,3,reshare,0.08,0.10645902444210738,4
544,scenario_010,1,45,3,reshare,0.12,0.09597674937393465,4
545,scenario_010,2,1,4,reshare,0.28,0.30127727078718974,4
546,scenario_010,1,13,4,reshare,0.38,0.25313689936326506,4
547,scenario_010,1,15,4,reshare,0.62,0.3877252087405495,4
548,scenario_010,2,20,4,reshare,0.42,0.3540091356888554,4
549,scenario_010,1,30,4,reshare,0.12,0.11167284818189052,4
550,scenario_010,1,34,4,reshare,0.42,0.2322928336588123,4
551,scenario_010,1,43,4,reshare,0.46,0.3013217629735236,4
552,scenario_010,2,3,5,reshare,0.46,0.4286225409245694,4
553,scenario_010,1,7,5,reshare,0.18,0.11542261326056592,4
554,scenario_010,2,24,5,reshare,0.18,0.2174287840869349,4
555,scenario_010,2,40,5,reshare,0.18,0.38056009319567924,4
556,scenario_011,1,2,1,reshare,0.18,0.23129064024000695,4
557,scenario_011,1,3,1,reshare,0.22,0.27631342560950656,4
558,scenario_011,1,4,1,reshare,0.28,0.44846828149024587,4
559,scenario_011,1,12,1,reshare,0.18,0.32175536751274075,4
560,scenario_011,1,16,1,reshare,0.34,0.37888948087065655,4
561,scenario_011,1,18,1,reshare,0.58,0.32605376809041414,4
562,scenario_011,1,20,1,reshare,0.18,0.29484059954182007,4
563,scenario_011,1,21,1,reshare,0.42,0.24432011550423033,4
564,scenario_011,1,24,1,reshare,0.18,0.3336638191642504,4
565,scenario_011,1,38,1,reshare,0.41,0.3568595066414496,4
566,scenario_011,1,40,1,reshare,0.12,0.12091364458921455,4
567,scenario_011,1,41,1,reshare,0.52,0.5153418283437411,4
568,scenario_011,1,42,1,reshare,0.18,0.31009895506316354,4
569,scenario_011,1,44,1,reshare,0.28,0.37739985803020903,4
570,scenario_011,1,48,1,reshare,0.72,0.46638046775479236,4
571,scenario_011,1,1,2,reshare,0.62,0.6260140566016792,4
572,scenario_011,2,2,2,reshare,0.63,0.2907573565407953,4
573,scenario_011,2,4,2,reshare,0.05,0.32155846725759846,4
574,scenario_011,1,6,2,reshare,0.18,0.2972283544460317,4
575,scenario_011,1,8,2,reshare,0.35,0.23244908626521257,4
576,scenario_011,1,11,2,reshare,0.08,0.15073723742984202,4
577,scenario_011,2,12,2,reshare,0.38,0.3770611953594374,4
578,scenario_011,1,13,2,reshare,0.05,0.1557113090456653,4
579,scenario_011,2,16,2,reshare,0.41,0.4965445579773729,4
580,scenario_011,2,20,2,reshare,0.18,0.18862323916049764,4
581,scenario_011,2,21,2,reshare,0.18,0.29071333193278015,4
582,scenario_011,1,26,2,reshare,0.05,0.10340800067381518,4
583,scenario_011,1,32,2,reshare,0.41,0.2916121281671358,4
584,scenario_011,1,36,2,reshare,0.68,0.5765014056457326,4
585,scenario_011,2,40,2,reshare,0.08,0.08307367046481019,4
586,scenario_011,2,41,2,reshare,0.05,0.42044033157665145,4
587,scenario_011,1,49,2,reshare,0.18,0.21608314388238326,4
588,scenario_011,1,5,3,reshare,0.08,0.16227251704676202,4
589,scenario_011,1,7,3,reshare,0.08,0.13712589493015823,4
590,scenario_011,2,8,3,reshare,0.62,0.2890779529806082,4
591,scenario_011,2,13,3,reshare,0.08,0.11216249258297788,4
592,scenario_011,1,14,3,reshare,0.08,0.2663053661273386,4
593,scenario_011,2,18,3,reshare,0.05,0.20665541228103987,4
594,scenario_011,1,28,3,reshare,0.08,0.1353274081764457,4
595,scenario_011,1,33,3,reshare,0.18,0.22246298774647372,4
596,scenario_011,1,37,3,reshare,0.04,0.11912332755423524,4
597,scenario_011,2,44,3,reshare,0.41,0.3219795644199618,4
598,scenario_011,1,46,3,reshare,0.03,0.11403815645437886,4
599,scenario_011,2,49,3,reshare,0.12,0.1316756280462426,4
600,scenario_012,1,0,1,reshare,0.22,0.45089464162742493,3
601,scenario_012,1,2,1,reshare,0.18,0.29751688535799403,3
602,scenario_012,1,12,1,reshare,0.18,0.2915319096428907,3
603,scenario_012,1,20,1,reshare,0.08,0.26178068932676657,3
604,scenario_012,1,22,1,reshare,0.22,0.23545446262293485,3
605,scenario_012,1,26,1,reshare,0.18,0.13401755861527348,3
606,scenario_012,1,27,1,reshare,0.08,0.12813730294255493,3
607,scenario_012,1,32,1,reshare,0.22,0.17455515840057478,3
608,scenario_012,1,33,1,reshare,0.22,0.3235667995537557,3
609,scenario_012,1,34,1,reshare,0.18,0.23333528577543025,3
610,scenario_012,1,35,1,reshare,0.28,0.3449643705954373,3
611,scenario_012,1,38,1,reshare,0.22,0.3317575284420583,3
612,scenario_012,1,41,1,reshare,0.42,0.3534896536947766,3
613,scenario_012,1,42,1,reshare,0.28,0.18423026313227026,3
614,scenario_012,1,46,1,reshare,0.28,0.2694887682380591,3
615,scenario_012,1,6,2,reshare,0.1,0.17373049956758263,3
616,scenario_012,1,7,2,reshare,0.08,0.3323060301894474,3
617,scenario_012,1,10,2,reshare,0.12,0.2681600020367651,3
618,scenario_012,1,16,2,reshare,0.18,0.3367660825759006,3
619,scenario_012,2,20,2,reshare,0.08,0.2672739419107786,3
620,scenario_012,2,22,2,reshare,0.18,0.3063545663380297,3
621,scenario_012,1,23,2,reshare,0.08,0.16089180118735552,3
622,scenario_012,1,28,2,reshare,0.12,0.32429227160632507,3
623,scenario_012,1,30,2,reshare,0.18,0.29583429199053696,3
624,scenario_012,2,35,2,reshare,0.18,0.3995237643899603,3
625,scenario_012,1,37,2,reshare,0.18,0.13228149473855705,3
626,scenario_012,2,38,2,reshare,0.12,0.22256101242363466,3
627,scenario_012,2,42,2,reshare,0.12,0.20698227823462403,3
628,scenario_012,1,45,2,reshare,0.18,0.322906024683094,3
629,scenario_012,2,46,2,reshare,0.12,0.3056932196056253,3
630,scenario_012,2,0,3,reshare,0.28,0.5249192610078975,3
631,scenario_012,1,3,3,reshare,0.18,0.16571605616465357,3
632,scenario_012,2,7,3,reshare,0.08,0.4091306818870431,3
633,scenario_012,1,8,3,reshare,0.18,0.1670151000112518,3
634,scenario_012,2,26,3,reshare,0.08,0.1534089194604408,3
635,scenario_012,1,29,3,reshare,0.12,0.19897966600702752,3
636,scenario_012,1,31,3,reshare,0.28,0.34567586028207675,3
637,scenario_012,2,32,3,reshare,0.18,0.2149676077520334,3
638,scenario_012,1,39,3,reshare,0.42,0.39093897142758816,3
639,scenario_012,1,40,3,reshare,0.18,0.2177969134823792,3
640,scenario_012,2,45,3,reshare,0.12,0.3505076956870843,3
641,scenario_012,1,1,4,reshare,0.18,0.1470233829997467,3
642,scenario_012,1,4,4,reshare,0.12,0.18485781323788725,3
643,scenario_012,2,8,4,reshare,0.05,0.18917572625331242,3
644,scenario_012,1,14,4,reshare,0.18,0.20374122136458434,3
645,scenario_012,2,28,4,reshare,0.18,0.4052258133551313,3
646,scenario_012,2,31,4,reshare,0.18,0.4066889266115765,3
647,scenario_012,2,39,4,reshare,0.28,0.4276345870686855,3
648,scenario_012,2,40,4,reshare,0.18,0.2870866416638262,3
649,scenario_012,2,41,4,reshare,0.41,0.42066202456859775,3
650,scenario_012,2,3,5,reshare,0.08,0.1633352730591523,3
651,scenario_012,1,5,5,reshare,0.18,0.1897896985187993,3
652,scenario_012,1,9,5,reshare,0.22,0.20223031075141618,3
653,scenario_012,2,10,5,reshare,0.28,0.3163881591909512,3
654,scenario_012,2,14,5,reshare,0.12,0.24105201447600072,3
655,scenario_012,1,19,5,reshare,0.18,0.3081657414335196,3
656,scenario_012,1,21,5,reshare,0.18,0.22254006688205014,3
657,scenario_012,1,43,5,reshare,0.28,0.356514465527609,3
658,scenario_012,1,47,5,reshare,0.08,0.13635306839598396,3
659,scenario_012,2,2,6,reshare,0.12,0.22920335293877764,3
660,scenario_012,2,9,6,reshare,0.08,0.13329586601179558,3
661,scenario_012,1,13,6,reshare,0.12,0.1384858264872448,3
662,scenario_012,2,29,6,reshare,0.08,0.19914755388957367,3
663,scenario_012,2,30,6,reshare,0.12,0.3563883651905829,3
664,scenario_012,2,34,6,reshare,0.18,0.26468703197853455,3
665,scenario_012,1,49,6,reshare,0.08,0.1040024722414891,3
666,scenario_012,2,6,7,reshare,0.08,0.1887793724763938,3
667,scenario_012,2,19,7,reshare,0.12,0.30318094926947886,3
668,scenario_013,1,2,1,reshare,0.08,0.25459426633769927,3
669,scenario_013,1,4,1,reshare,0.05,0.15968972042862498,3
670,scenario_013,1,7,1,reshare,0.28,0.5356332722631751,3
671,scenario_013,1,11,1,reshare,0.18,0.18333568233228623,3
672,scenario_013,1,15,1,reshare,0.22,0.46676040644407407,3
673,scenario_013,1,16,1,reshare,0.08,0.2161762922968678,3
674,scenario_013,1,18,1,reshare,0.05,0.2064695310359033,3
675,scenario_013,1,22,1,reshare,0.05,0.21115043196622565,3
676,scenario_013,1,23,1,reshare,0.22,0.2747241529673874,3
677,scenario_013,1,30,1,reshare,0.18,0.28614261005738356,3
678,scenario_013,1,33,1,reshare,0.38,0.49340308144824674,3
679,scenario_013,1,37,1,reshare,0.28,0.49587884147797645,3
680,scenario_013,1,39,1,reshare,0.18,0.2879828823710216,3
681,scenario_013,1,41,1,reshare,0.08,0.17799820893138288,3
682,scenario_013,1,46,1,reshare,0.41,0.4694258138673527,3
683,scenario_013,1,48,1,reshare,0.18,0.35534805095729455,3
684,scenario_013,1,0,2,reshare,0.18,0.17538273971634494,3
685,scenario_013,2,11,2,reshare,0.18,0.21675310472309828,3
686,scenario_013,2,18,2,reshare,0.18,0.2544032343486963,3
687,scenario_013,2,30,2,reshare,0.12,0.33199444655617383,3
688,scenario_013,1,31,2,reshare,0.18,0.2681470709968623,3
689,scenario_013,1,34,2,reshare,0.18,0.4391099360885678,3
690,scenario_013,1,35,2,reshare,0.18,0.4443230274868039,3
691,scenario_013,2,37,2,reshare,0.28,0.5792684946943704,3
692,scenario_013,1,42,2,reshare,0.18,0.36048835429045223,3
693,scenario_013,1,45,2,reshare,0.28,0.31035143961202555,3
694,scenario_013,1,47,2,reshare,0.18,0.3814066168386507,3
695,scenario_014,1,2,1,reshare,0.18,0.21580223975186608,0
696,scenario_014,1,8,1,reshare,0.46,0.25585351816445,0
697,scenario_014,1,10,1,reshare,0.72,0.6280058220626393,0
698,scenario_014,1,11,1,reshare,0.08,0.1166680687645,0
699,scenario_014,1,14,1,reshare,0.18,0.14167414034684703,0
700,scenario_014,1,18,1,reshare,0.08,0.08711101457028925,0
701,scenario_014,1,19,1,reshare,0.58,0.4047094518125452,0
702,scenario_014,1,27,1,reshare,0.38,0.26731288481547194,0
703,scenario_014,1,31,1,reshare,0.46,0.2748242782820693,0
704,scenario_014,1,33,1,reshare,0.28,0.3229081462871315,0
705,scenario_014,1,35,1,reshare,0.18,0.16570306658984077,0
706,scenario_014,1,36,1,reshare,0.72,0.46718611047803354,0
707,scenario_014,1,37,1,reshare,0.18,0.2735207997613941,0
708,scenario_014,1,38,1,reshare,0.28,0.13977134441246505,0
709,scenario_014,1,46,1,reshare,0.41,0.23745741036214524,0
710,scenario_014,1,49,1,reshare,0.18,0.14265409503794693,0
711,scenario_014,1,0,2,reshare,0.28,0.3436466524042323,0
712,scenario_014,2,2,2,reshare,0.62,0.34111067613841584,0
713,scenario_014,1,6,2,reshare,0.41,0.3113167995703958,0
714,scenario_014,2,8,2,reshare,0.34,0.2676381669653528,0
715,scenario_014,1,9,2,reshare,0.41,0.3350427591389727,0
716,scenario_014,1,12,2,reshare,0.41,0.42283846403216835,0
717,scenario_014,2,14,2,reshare,0.42,0.16891262401853888,0
718,scenario_014,1,16,2,reshare,0.22,0.2532923666180147,0
719,scenario_014,1,17,2,reshare,0.46,0.4758877161565159,0
720,scenario_014,2,19,2,reshare,0.62,0.4097907633078031,0
721,scenario_014,1,20,2,reshare,0.41,0.25798067335440933,0
722,scenario_014,1,23,2,reshare,0.28,0.24772565417990058,0
723,scenario_014,2,27,2,reshare,0.41,0.273856603258176,0
724,scenario_014,1,28,2,reshare,0.74,0.48809030547024135,0
725,scenario_014,1,29,2,reshare,0.42,0.42733127373701685,0
726,scenario_014,1,32,2,reshare,0.41,0.2671981177984612,0
727,scenario_014,2,33,2,reshare,0.18,0.3793295850605311,0
728,scenario_014,2,35,2,reshare,0.08,0.1001263644268458,0
729,scenario_014,2,37,2,reshare,0.18,0.3080193022334873,0
730,scenario_014,2,38,2,reshare,0.41,0.14717524741438884,0
731,scenario_014,1,40,2,reshare,0.42,0.18054648011689814,0
732,scenario_014,1,42,2,reshare,0.72,0.5942658361023355,0
733,scenario_014,1,43,2,reshare,0.42,0.30776136984134883,0
734,scenario_014,2,46,2,reshare,0.42,0.2997011655387617,0
735,scenario_014,1,47,2,reshare,0.42,0.29836917094052834,0
736,scenario_014,1,48,2,reshare,0.18,0.22383613688029597,0
737,scenario_014,2,0,3,reshare,0.18,0.3522571951044433,0
738,scenario_014,1,1,3,reshare,0.58,0.23126877051973344,0
739,scenario_014,2,6,3,reshare,0.18,0.19483881195741465,0
740,scenario_014,1,7,3,reshare,0.18,0.16262309191917235,0
741,scenario_014,2,10,3,reshare,0.31,0.4729513964926038,0
742,scenario_014,2,11,3,reshare,0.03,0.06569759940493163,0
743,scenario_014,1,13,3,reshare,0.18,0.2669293242799063,0
744,scenario_014,1,15,3,reshare,0.42,0.34128962627998916,0
745,scenario_014,2,16,3,reshare,0.08,0.25501331341461525,0
746,scenario_014,2,17,3,reshare,0.62,0.4935014418560837,0
747,scenario_014,2,18,3,reshare,0.08,0.09052011663818516,0
748,scenario_014,1,21,3,reshare,0.66,0.33521739860955496,0
749,scenario_014,2,23,3,reshare,0.41,0.2511331459299139,0
750,scenario_014,1,24,3,reshare,0.18,0.1286428110715112,0
751,scenario_014,2,28,3,reshare,0.05,0.3550091918216418,0
752,scenario_014,2,29,3,reshare,0.08,0.3056081166619099,0
753,scenario_014,2,32,3,reshare,0.18,0.29262568459308047,0
754,scenario_014,1,34,3,reshare,0.22,0.21420057450026908,0
755,scenario_014,2,36,3,reshare,0.08,0.29262059439812593,0
756,scenario_014,1,39,3,reshare,0.28,0.4031105336181182,0
757,scenario_014,2,42,3,reshare,0.18,0.43884536163852367,0
758,scenario_014,1,45,3,reshare,0.42,0.22162866155156766,0
759,scenario_014,2,47,3,reshare,0.18,0.30223413969042345,0
760,scenario_014,2,21,4,reshare,0.62,0.4430701069060994,0
761,scenario_014,1,25,4,reshare,0.62,0.4018058112267415,0
762,scenario_014,2,49,4,reshare,0.28,0.1813921145665636,0
763,scenario_014,2,1,5,reshare,0.62,0.27037539587322884,0
764,scenario_014,1,26,5,reshare,0.58,0.3135807134779992,0
765,scenario_014,2,31,5,reshare,0.46,0.270883654423064,0
766,scenario_014,2,34,5,reshare,0.42,0.23959461453313682,0
767,scenario_014,2,39,5,reshare,0.38,0.47633329972678046,0
768,scenario_014,1,44,5,reshare,0.42,0.25778157982132954,0
769,scenario_014,2,25,6,reshare,0.28,0.2585802649832997,0
770,scenario_014,2,40,6,reshare,0.18,0.10097897149247938,0
771,scenario_014,2,45,6,reshare,0.03,0.1385626228689578,0
772,scenario_014,2,26,7,reshare,0.28,0.19449768513707924,0
773,scenario_014,2,44,7,reshare,0.18,0.1695639662166401,0
774,scenario_015,1,3,1,reshare,0.28,0.3591474888200426,2
775,scenario_015,1,6,1,reshare,0.12,0.2617494799234351,2
776,scenario_015,1,8,1,reshare,0.08,0.153513763265525,2
777,scenario_015,1,10,1,reshare,0.18,0.2887548622155138,2
778,scenario_015,1,11,1,reshare,0.34,0.4168621566604507,2
779,scenario_015,1,12,1,reshare,0.74,0.5810167358990451,2
780,scenario_015,1,17,1,reshare,0.18,0.21930482374467813,2
781,scenario_015,1,18,1,reshare,0.66,0.6130132407400141,2
782,scenario_015,1,20,1,reshare,0.18,0.21282760187065677,2
783,scenario_015,1,27,1,reshare,0.08,0.23119647518625003,2
784,scenario_015,1,31,1,reshare,0.41,0.30192185036090924,2
785,scenario_015,1,32,1,reshare,0.58,0.4119487723035044,2
786,scenario_015,1,33,1,reshare,0.28,0.31948690338000263,2
787,scenario_015,1,39,1,reshare,0.12,0.2954001683100105,2
788,scenario_015,1,43,1,reshare,0.41,0.25178661022724025,2
789,scenario_015,1,49,1,reshare,0.46,0.41544840647193493,2
790,scenario_015,1,0,2,reshare,0.42,0.29888519836062233,2
791,scenario_015,1,2,2,reshare,0.22,0.3981426139308756,2
792,scenario_015,2,6,2,reshare,0.18,0.260558819393725,2
793,scenario_015,1,7,2,reshare,0.28,0.3119868134073694,2
794,scenario_015,2,8,2,reshare,0.18,0.18936052876544848,2
795,scenario_015,2,12,2,reshare,0.74,0.6366212836758006,2
796,scenario_015,1,13,2,reshare,0.72,0.6067896622458352,2
797,scenario_015,1,15,2,reshare,0.22,0.40313889796247404,2
798,scenario_015,1,22,2,reshare,0.28,0.3735398182932752,2
799,scenario_015,1,25,2,reshare,0.28,0.36362195126033603,2
800,scenario_015,1,26,2,reshare,0.28,0.30080560318855826,2
801,scenario_015,1,28,2,reshare,0.72,0.6091137535427856,2
802,scenario_015,2,31,2,reshare,0.08,0.18072142989483753,2
803,scenario_015,1,36,2,reshare,0.42,0.4073525970364601,2
804,scenario_015,1,38,2,reshare,0.08,0.1439568718985216,2
805,scenario_015,2,39,2,reshare,0.62,0.3889429691611907,2
806,scenario_015,1,42,2,reshare,0.22,0.3898515441352337,2
807,scenario_015,1,44,2,reshare,0.62,0.5147233800460659,2
808,scenario_015,2,0,3,reshare,0.42,0.3709279320949146,2
809,scenario_015,2,3,3,reshare,0.18,0.252211042072517,2
810,scenario_015,1,4,3,reshare,0.12,0.14918662410490502,2
811,scenario_015,1,9,3,reshare,0.46,0.38140859800871907,2
812,scenario_015,2,10,3,reshare,0.41,0.34841065827328005,2
813,scenario_015,2,11,3,reshare,0.28,0.6330135273273865,2
814,scenario_015,2,15,3,reshare,0.18,0.4018224934856863,2
815,scenario_015,1,16,3,reshare,0.62,0.4581966250473653,2
816,scenario_015,2,17,3,reshare,0.46,0.32562595181150217,2
817,scenario_015,2,18,3,reshare,0.72,0.6938399655291624,2
818,scenario_015,1,21,3,reshare,0.34,0.31146105880718633,2
819,scenario_015,2,22,3,reshare,0.18,0.3697720388239567,2
820,scenario_015,2,25,3,reshare,0.46,0.3627953944798714,2
821,scenario_015,2,26,3,reshare,0.18,0.3232273479430686,2
822,scenario_015,2,27,3,reshare,0.46,0.2765128153735844,2
823,scenario_015,1,30,3,reshare,0.41,0.39165328705918984,2
824,scenario_015,2,32,3,reshare,0.34,0.48803906285281345,2
825,scenario_015,1,35,3,reshare,0.41,0.3686864799984167,2
826,scenario_015,2,36,3,reshare,0.34,0.452848840990397,2
827,scenario_015,1,37,3,reshare,0.72,0.58005316174477,2
828,scenario_015,1,41,3,reshare,0.28,0.2305421438120112,2
829,scenario_015,2,42,3,reshare,0.22,0.3975564281297026,2
830,scenario_015,2,43,3,reshare,0.42,0.31717145582987455,2
831,scenario_015,1,45,3,reshare,0.58,0.5062415943332329,2
832,scenario_015,1,46,3,reshare,0.28,0.273288873775164,2
833,scenario_015,1,48,3,reshare,0.18,0.19685168988264382,2
834,scenario_015,1,1,4,reshare,0.08,0.1761472941565018,2
835,scenario_015,2,2,4,reshare,0.08,0.2706486706595371,2
836,scenario_015,2,7,4,reshare,0.34,0.3870428660014303,2
837,scenario_015,2,9,4,reshare,0.28,0.3965147134698271,2
838,scenario_015,1,29,4,reshare,0.18,0.22079181403195658,2
839,scenario_015,2,35,4,reshare,0.12,0.23864599751533824,2
840,scenario_015,2,45,4,reshare,0.18,0.35039798989274323,2
841,scenario_015,1,5,5,reshare,0.41,0.4562618952963854,2
842,scenario_015,2,20,5,reshare,0.18,0.27114702959985076,2
843,scenario_015,2,30,5,reshare,0.62,0.4846830577904434,2
844,scenario_015,2,37,5,reshare,0.78,0.6426563351395117,2
845,scenario_015,2,48,5,reshare,0.08,0.19196761475132523,2
846,scenario_015,2,4,6,reshare,0.22,0.19361217375073825,2
847,scenario_015,2,29,6,reshare,0.18,0.251533863809343,2
848,scenario_015,2,44,6,reshare,0.62,0.5567915903478271,2
849,scenario_015,2,13,7,reshare,0.62,0.594286665351147,2
850,scenario_015,2,38,7,reshare,0.08,0.1332934021178798,2
851,scenario_015,1,47,7,reshare,0.41,0.425878356429797,2
852,scenario_016,1,2,1,reshare,0.18,0.23717416507388847,1
853,scenario_016,1,6,1,reshare,0.18,0.2563259300852089,1
854,scenario_016,1,7,1,reshare,0.28,0.21235271417090093,1
855,scenario_016,1,9,1,reshare,0.28,0.23910056939508598,1
856,scenario_016,1,11,1,reshare,0.12,0.1924838141088589,1
857,scenario_016,1,22,1,reshare,0.38,0.3664210614317401,1
858,scenario_016,1,25,1,reshare,0.18,0.1438893064076485,1
859,scenario_016,1,30,1,reshare,0.18,0.12821529953651872,1
860,scenario_016,1,34,1,reshare,0.18,0.3135405096160791,1
861,scenario_016,1,41,1,reshare,0.18,0.2647363877577654,1
862,scenario_016,1,42,1,reshare,0.42,0.21754778888225973,1
863,scenario_016,1,45,1,reshare,0.42,0.24916368104092954,1
864,scenario_016,1,48,1,reshare,0.18,0.14039069734819706,1
865,scenario_016,1,49,1,reshare,0.28,0.27713653786091896,1
866,scenario_016,1,4,2,reshare,0.18,0.2039291536240492,1
867,scenario_016,1,5,2,reshare,0.28,0.3506124491631538,1
868,scenario_016,2,6,2,reshare,0.05,0.17419200143004362,1
869,scenario_016,2,7,2,reshare,0.08,0.2234241984330581,1
870,scenario_016,1,8,2,reshare,0.18,0.23254610627619954,1
871,scenario_016,2,9,2,reshare,0.12,0.4053364600659324,1
872,scenario_016,1,12,2,reshare,0.18,0.22287315372698865,1
873,scenario_016,1,14,2,reshare,0.18,0.24040179435200543,1
874,scenario_016,1,15,2,reshare,0.08,0.22295153786374242,1
875,scenario_016,1,17,2,reshare,0.12,0.09405706747653914,1
876,scenario_016,1,19,2,reshare,0.18,0.1400300483416403,1
877,scenario_016,1,20,2,reshare,0.58,0.516961390747717,1
878,scenario_016,1,21,2,reshare,0.18,0.22398332988747735,1
879,scenario_016,2,25,2,reshare,0.12,0.1704398882555057,1
880,scenario_016,1,26,2,reshare,0.28,0.4423117480291383,1
881,scenario_016,1,28,2,reshare,0.08,0.18368356107197448,1
882,scenario_016,1,33,2,reshare,0.18,0.14536439151743302,1
883,scenario_016,2,34,2,reshare,0.22,0.3813060806147776,1
884,scenario_016,1,36,2,reshare,0.28,0.36882882961477564,1
885,scenario_016,1,38,2,reshare,0.18,0.19299340762716174,1
886,scenario_016,1,39,2,reshare,0.22,0.21442281777678707,1
887,scenario_016,2,41,2,reshare,0.08,0.19549897185554355,1
888,scenario_016,2,42,2,reshare,0.18,0.2550904908260502,1
889,scenario_016,1,43,2,reshare,0.08,0.08061365815252983,1
890,scenario_016,2,45,2,reshare,0.08,0.21953135716433392,1
891,scenario_016,1,47,2,reshare,0.12,0.1784323021123508,1
892,scenario_016,2,49,2,reshare,0.12,0.2963569928369451,1
893,scenario_016,2,2,3,reshare,0.08,0.17757660380092558,1
894,scenario_016,1,3,3,reshare,0.18,0.20176058368571712,1
895,scenario_016,2,11,3,reshare,0.18,0.2880821787763648,1
896,scenario_016,1,18,3,reshare,0.18,0.24128229304497975,1
897,scenario_016,2,20,3,reshare,0.12,0.3783964058763368,1
898,scenario_016,1,29,3,reshare,0.41,0.4639312928165092,1
899,scenario_016,1,35,3,reshare,0.08,0.09255679438314103,1
900,scenario_016,2,43,3,reshare,0.05,0.04749755280988224,1
901,scenario_016,2,21,4,reshare,0.08,0.16331732319173795,1
902,scenario_016,2,38,4,reshare,0.22,0.1358112707509382,1
903,scenario_017,1,1,1,reshare,0.12,0.19471931976991305,2
904,scenario_017,1,8,1,reshare,0.18,0.16698450269738951,2
905,scenario_017,1,9,1,reshare,0.12,0.1775106265778801,2
906,scenario_017,1,11,1,reshare,0.18,0.199489343496805,2
907,scenario_017,1,14,1,reshare,0.28,0.23035775153330787,2
908,scenario_017,1,18,1,reshare,0.08,0.07933600442883326,2
909,scenario_017,1,23,1,reshare,0.18,0.14382762157585813,2
910,scenario_017,1,29,1,reshare,0.05,0.10550418766853495,2
911,scenario_017,1,34,1,reshare,0.41,0.4461844500489027,2
912,scenario_017,1,37,1,reshare,0.28,0.37607559846658545,2
913,scenario_017,1,40,1,reshare,0.12,0.1270935970355056,2
914,scenario_017,1,42,1,reshare,0.58,0.38039695722002187,2
915,scenario_017,1,43,1,reshare,0.12,0.2733710705917694,2
916,scenario_017,1,48,1,reshare,0.2,0.20938131547471428,2
917,scenario_017,1,0,2,reshare,0.03,0.04965034099749353,2
918,scenario_017,2,1,2,reshare,0.03,0.14271628343763856,2
919,scenario_017,1,2,2,reshare,0.08,0.17532290764243114,2
920,scenario_017,1,3,2,reshare,0.12,0.19134684300454652,2
921,scenario_017,1,7,2,reshare,0.41,0.18250522576778708,2
922,scenario_017,2,8,2,reshare,0.12,0.17174524937290353,2
923,scenario_017,2,9,2,reshare,0.08,0.1779744094893837,2
924,scenario_017,1,10,2,reshare,0.28,0.29870868622111907,2
925,scenario_017,2,11,2,reshare,0.03,0.11649412126305868,2
926,scenario_017,1,12,2,reshare,0.18,0.13006188655205564,2
927,scenario_017,2,14,2,reshare,0.08,0.09355710270165059,2
928,scenario_017,1,15,2,reshare,0.05,0.09634082163351879,2
929,scenario_017,1,17,2,reshare,0.08,0.14320347961875154,2
930,scenario_017,1,20,2,reshare,0.02,0.05566051545188426,2
931,scenario_017,1,21,2,reshare,0.18,0.19607396192751997,2
932,scenario_017,1,22,2,reshare,0.18,0.05144409654203083,2
933,scenario_017,1,25,2,reshare,0.12,0.11795944352743011,2
934,scenario_017,1,27,2,reshare,0.12,0.06615736095352592,2
935,scenario_017,1,30,2,reshare,0.12,0.05647780196377177,2
936,scenario_017,1,32,2,reshare,0.03,0.08420320062190818,2
937,scenario_017,1,33,2,reshare,0.08,0.07970158095635116,2
938,scenario_017,1,36,2,reshare,0.08,0.0705848823010536,2
939,scenario_017,1,38,2,reshare,0.12,0.10452848530257378,2
940,scenario_017,2,40,2,reshare,0.03,0.09437625836644109,2
941,scenario_017,1,41,2,reshare,0.08,0.18450444745911235,2
942,scenario_017,1,46,2,reshare,0.38,0.310834720976804,2
943,scenario_017,1,47,2,reshare,0.08,0.2074637574243929,2
944,scenario_017,2,48,2,reshare,0.18,0.2456057042236739,2
945,scenario_017,2,3,3,reshare,0.2,0.235576976931047,2
946,scenario_017,1,5,3,reshare,0.28,0.21050772407280569,2
947,scenario_017,1,13,3,reshare,0.28,0.21578944037219186,2
948,scenario_017,1,16,3,reshare,0.18,0.1525952022696228,2
949,scenario_017,1,19,3,reshare,0.18,0.18924754208378644,2
950,scenario_017,2,21,3,reshare,0.18,0.24673490037726795,2
951,scenario_017,2,22,3,reshare,0.18,0.06605424064982705,2
952,scenario_017,2,23,3,reshare,0.18,0.15733107840043284,2
953,scenario_017,1,26,3,reshare,0.58,0.24038908097228942,2
954,scenario_017,2,27,3,reshare,0.12,0.07432697427682214,2
955,scenario_017,1,31,3,reshare,0.18,0.08336115799884564,2
956,scenario_017,2,32,3,reshare,0.18,0.0957288548239264,2
957,scenario_017,2,34,3,reshare,0.58,0.5630930219124001,2
958,scenario_017,1,35,3,reshare,0.08,0.06396989522875883,2
959,scenario_017,2,37,3,reshare,0.18,0.366173803960164,2
960,scenario_017,2,42,3,reshare,0.22,0.37095156134901824,2
961,scenario_017,2,46,3,reshare,0.18,0.3590315240383077,2
962,scenario_017,2,5,4,reshare,0.58,0.24942242405050874,2
963,scenario_017,2,7,4,reshare,0.41,0.21425999386396444,2
964,scenario_017,2,12,4,reshare,0.28,0.14714663083513924,2
965,scenario_017,2,13,4,reshare,0.18,0.24989914495119597,2
966,scenario_017,2,15,4,reshare,0.12,0.12290323503274432,2
967,scenario_017,2,19,4,reshare,0.18,0.21727805594020208,2
968,scenario_017,2,41,4,reshare,0.46,0.2446865532552901,2
969,scenario_017,1,44,4,reshare,0.08,0.1320293401383481,2
970,scenario_017,1,45,4,reshare,0.22,0.23219039186278956,2
971,scenario_017,2,47,4,reshare,0.12,0.24150085607296345,2
972,scenario_017,1,49,4,reshare,0.18,0.1302244372637351,2
973,scenario_017,1,24,5,reshare,0.18,0.13401668157837243,2
974,scenario_017,2,36,5,reshare,0.05,0.04405984770615543,2
975,scenario_018,1,1,1,reshare,0.34,0.3539608683887831,0
976,scenario_018,1,3,1,reshare,0.18,0.33838227622175326,0
977,scenario_018,1,4,1,reshare,0.46,0.3074283974719034,0
978,scenario_018,1,11,1,reshare,0.12,0.17433753973619964,0
979,scenario_018,1,13,1,reshare,0.18,0.2059103632185018,0
980,scenario_018,1,14,1,reshare,0.62,0.48477848321607586,0
981,scenario_018,1,16,1,reshare,0.18,0.2688885375404191,0
982,scenario_018,1,20,1,reshare,0.42,0.1942736022311898,0
983,scenario_018,1,23,1,reshare,0.42,0.3055492514477659,0
984,scenario_018,1,24,1,reshare,0.18,0.23209158650915201,0
985,scenario_018,1,27,1,reshare,0.62,0.4862945825128196,0
986,scenario_018,1,31,1,reshare,0.12,0.19737921327745242,0
987,scenario_018,1,32,1,reshare,0.22,0.2895055948744102,0
988,scenario_018,1,40,1,reshare,0.08,0.20619125534747976,0
989,scenario_018,1,46,1,reshare,0.41,0.3300318560183964,0
990,scenario_018,2,1,2,reshare,0.22,0.40248087109746905,0
991,scenario_018,2,3,2,reshare,0.46,0.3443990726376295,0
992,scenario_018,2,13,2,reshare,0.46,0.20720913718482345,0
993,scenario_018,2,14,2,reshare,0.72,0.545863697108784,0
994,scenario_018,1,15,2,reshare,0.46,0.31111655346875167,0
995,scenario_018,1,18,2,reshare,0.28,0.27088081453451013,0
996,scenario_018,2,20,2,reshare,0.28,0.28048210865041084,0
997,scenario_018,1,22,2,reshare,0.62,0.4319187536960667,0
998,scenario_018,1,25,2,reshare,0.58,0.3638195100482061,0
999,scenario_018,1,26,2,reshare,0.62,0.391199429274401,0
1000,scenario_018,1,42,2,reshare,0.22,0.22260697385921135,0
1001,scenario_018,1,44,2,reshare,0.28,0.1961618673344462,0
1002,scenario_018,2,46,2,reshare,0.46,0.42259299126029365,0
1003,scenario_018,1,47,2,reshare,0.52,0.34388350062817685,0
1004,scenario_018,2,4,3,reshare,0.34,0.3823063674709116,0
1005,scenario_018,1,6,3,reshare,0.42,0.30373117062739713,0
1006,scenario_018,1,9,3,reshare,0.42,0.2503094706478076,0
1007,scenario_018,1,10,3,reshare,0.58,0.2808462995289243,0
1008,scenario_018,2,11,3,reshare,0.42,0.22407478862873373,0
1009,scenario_018,1,12,3,reshare,0.42,0.3546383617013921,0
1010,scenario_018,2,15,3,reshare,0.46,0.37590183048341186,0
1011,scenario_018,2,16,3,reshare,0.58,0.32243895956840285,0
1012,scenario_018,1,17,3,reshare,0.62,0.5706287679368607,0
1013,scenario_018,1,19,3,reshare,0.18,0.18524671320942526,0
1014,scenario_018,1,21,3,reshare,0.28,0.2846873019110623,0
1015,scenario_018,2,22,3,reshare,0.42,0.5309416727826629,0
1016,scenario_018,2,25,3,reshare,0.42,0.4207915356673025,0
1017,scenario_018,2,26,3,reshare,0.18,0.2762578135634168,0
1018,scenario_018,2,27,3,reshare,0.62,0.48766227729287487,0
1019,scenario_018,1,29,3,reshare,0.18,0.13390312463662135,0
1020,scenario_018,2,31,3,reshare,0.18,0.09421129156024372,0
1021,scenario_018,1,35,3,reshare,0.52,0.3819805337414179,0
1022,scenario_018,1,36,3,reshare,0.18,0.28938313539166866,0
1023,scenario_018,1,38,3,reshare,0.12,0.1355027513658655,0
1024,scenario_018,1,39,3,reshare,0.08,0.10568626025887512,0
1025,scenario_018,2,40,3,reshare,0.28,0.31623642953762104,0
1026,scenario_018,1,43,3,reshare,0.58,0.5027575730756635,0
1027,scenario_018,2,47,3,reshare,0.12,0.21259953517415225,0
1028,scenario_018,2,18,4,reshare,0.18,0.3142551496533765,0
1029,scenario_018,2,29,4,reshare,0.42,0.18167757523076736,0
1030,scenario_018,1,33,4,reshare,0.34,0.17231218009913812,0
1031,scenario_018,1,34,4,reshare,0.22,0.21553929413614234,0
1032,scenario_018,2,38,4,reshare,0.12,0.1841653999975078,0
1033,scenario_018,1,41,4,reshare,0.62,0.3106731871888773,0
1034,scenario_018,2,42,4,reshare,0.34,0.3464745991194898,0
1035,scenario_018,2,43,4,reshare,0.74,0.6027088768472146,0
1036,scenario_018,2,9,5,reshare,0.34,0.28783983477019504,0
1037,scenario_018,2,23,5,reshare,0.34,0.3732357752081161,0
1038,scenario_018,2,32,5,reshare,0.22,0.33909094651424126,0
1039,scenario_018,1,49,5,reshare,0.38,0.2555390291324659,0
1040,scenario_018,1,7,6,reshare,0.46,0.3225963876923635,0
1041,scenario_018,2,21,6,reshare,0.28,0.3396513671804738,0
1042,scenario_018,2,41,6,reshare,0.28,0.3490171701431176,0
1043,scenario_018,2,44,6,reshare,0.18,0.24986829238044417,0
1044,scenario_019,1,0,1,reshare,0.48,0.3303029452954603,4
1045,scenario_019,1,6,1,reshare,0.28,0.23856937063176686,4
1046,scenario_019,1,11,1,reshare,0.46,0.42378454202303906,4
1047,scenario_019,1,15,1,reshare,0.41,0.3310953440254752,4
1048,scenario_019,1,16,1,reshare,0.28,0.1959601767030815,4
1049,scenario_019,1,17,1,reshare,0.41,0.39665296407958023,4
1050,scenario_019,1,18,1,reshare,0.41,0.3197387298273027,4
1051,scenario_019,1,21,1,reshare,0.18,0.27225880458876645,4
1052,scenario_019,1,29,1,reshare,0.18,0.27874497623559774,4
1053,scenario_019,1,30,1,reshare,0.18,0.2944166451240346,4
1054,scenario_019,1,35,1,reshare,0.41,0.3668163814390778,4
1055,scenario_019,1,36,1,reshare,0.58,0.42656026513281636,4
1056,scenario_019,1,37,1,reshare,0.18,0.23333720443377512,4
1057,scenario_019,1,39,1,reshare,0.62,0.44327585602461855,4
1058,scenario_019,1,44,1,reshare,0.12,0.22160666536400284,4
1059,scenario_019,1,46,1,reshare,0.28,0.19954324884840066,4
1060,scenario_019,2,0,2,reshare,0.12,0.21149529128015415,4
1061,scenario_019,1,2,2,reshare,0.08,0.07392143517878828,4
1062,scenario_019,2,6,2,reshare,0.08,0.18881795139657434,4
1063,scenario_019,1,7,2,reshare,0.28,0.334981444564851,4
1064,scenario_019,1,9,2,reshare,0.12,0.18814282054872547,4
1065,scenario_019,1,10,2,reshare,0.08,0.06750533179570535,4
1066,scenario_019,2,16,2,reshare,0.12,0.19707117144111205,4
1067,scenario_019,1,19,2,reshare,0.08,0.1647742021591387,4
1068,scenario_019,1,22,2,reshare,0.48,0.322092447124565,4
1069,scenario_019,1,31,2,reshare,0.12,0.14043897537730357,4
1070,scenario_019,1,34,2,reshare,0.08,0.15733795663361516,4
1071,scenario_019,1,42,2,reshare,0.42,0.3668035743643236,4
1072,scenario_019,1,43,2,reshare,0.08,0.21194606482719291,4
1073,scenario_019,1,47,2,reshare,0.22,0.30644646557242167,4
1074,scenario_019,1,49,2,reshare,0.05,0.13405185768819036,4
1075,scenario_019,2,7,3,reshare,0.42,0.40643217693704825,4
1076,scenario_019,2,9,3,reshare,0.18,0.2257436853165259,4
1077,scenario_019,2,21,3,reshare,0.38,0.32769734090649044,4
1078,scenario_019,2,34,3,reshare,0.08,0.1840314267447825,4
1079,scenario_019,2,35,3,reshare,0.41,0.437898150690441,4
1080,scenario_019,2,36,3,reshare,0.72,0.5246767896450398,4
1081,scenario_019,1,38,3,reshare,0.18,0.2759703262583712,4
1082,scenario_019,2,46,3,reshare,0.18,0.24453430418704042,4
1083,scenario_020,1,6,1,reshare,0.12,0.11139757686853276,1
1084,scenario_020,1,7,1,reshare,0.41,0.2715080912623091,1
1085,scenario_020,1,12,1,reshare,0.42,0.24079104317802588,1
1086,scenario_020,1,14,1,reshare,0.18,0.24550484855212804,1
1087,scenario_020,1,17,1,reshare,0.08,0.17793602182674678,1
1088,scenario_020,1,19,1,reshare,0.05,0.1102548202935494,1
1089,scenario_020,1,24,1,reshare,0.05,0.14399494978354685,1
1090,scenario_020,1,27,1,reshare,0.18,0.11892045629604536,1
1091,scenario_020,1,38,1,reshare,0.22,0.2299333435186455,1
1092,scenario_020,1,1,2,reshare,0.18,0.17755534606355075,1
1093,scenario_020,1,9,2,reshare,0.18,0.17487506928561028,1
1094,scenario_020,1,10,2,reshare,0.41,0.3016564153421106,1
1095,scenario_020,1,11,2,reshare,0.41,0.2894042021422975,1
1096,scenario_020,1,16,2,reshare,0.12,0.09371960765975554,1
1097,scenario_020,2,17,2,reshare,0.18,0.24615534534659878,1
1098,scenario_020,2,19,2,reshare,0.05,0.12482166969420165,1
1099,scenario_020,2,27,2,reshare,0.18,0.14069206965420367,1
1100,scenario_020,1,30,2,reshare,0.05,0.08333499389988397,1
1101,scenario_020,1,34,2,reshare,0.58,0.29980498853890725,1
1102,scenario_020,1,35,2,reshare,0.42,0.23173097332982193,1
1103,scenario_020,1,37,2,reshare,0.12,0.1697130718136367,1
1104,scenario_020,1,41,2,reshare,0.08,0.09146542209575814,1
1105,scenario_020,1,43,2,reshare,0.08,0.08999861661464333,1
1106,scenario_020,1,49,2,reshare,0.18,0.13071347591778432,1
1107,scenario_020,2,1,3,reshare,0.03,0.10632883645733987,1
1108,scenario_020,2,10,3,reshare,0.22,0.41071487470831286,1
1109,scenario_020,2,12,3,reshare,0.42,0.4094787803318756,1
1110,scenario_020,1,15,3,reshare,0.08,0.11681234123234047,1
1111,scenario_020,2,16,3,reshare,0.07,0.13235865539280575,1
1112,scenario_020,1,20,3,reshare,0.12,0.12459618477016628,1
1113,scenario_020,1,23,3,reshare,0.05,0.09540298277981286,1
1114,scenario_020,2,24,3,reshare,0.04,0.09826884442189492,1
1115,scenario_020,1,29,3,reshare,0.18,0.156421104861039,1
1116,scenario_020,1,31,3,reshare,0.18,0.2352429787723382,1
1117,scenario_020,2,38,3,reshare,0.38,0.27380342354559106,1
1118,scenario_020,1,40,3,reshare,0.18,0.31245215146765243,1
1119,scenario_020,2,43,3,reshare,0.03,0.05011790084836236,1
1120,scenario_020,1,45,3,reshare,0.18,0.16058510982857738,1
1121,scenario_020,1,46,3,reshare,0.28,0.2747407899735243,1
1122,scenario_020,1,48,3,reshare,0.08,0.15047198308959236,1
1123,scenario_020,2,11,4,reshare,0.48,0.37837690380037053,1
1124,scenario_020,1,32,4,reshare,0.28,0.2301666221213363,1
1125,scenario_020,2,34,4,reshare,0.41,0.36520532665336974,1
1126,scenario_020,1,36,4,reshare,0.28,0.21326906228071368,1
1127,scenario_020,1,13,5,reshare,0.12,0.042253039770036346,1
1128,scenario_020,1,25,5,reshare,0.12,0.1210770612207351,1
1129,scenario_020,1,26,5,reshare,0.08,0.03582484617232901,1
1130,scenario_020,2,36,5,reshare,0.18,0.2326175836043044,1
1131,scenario_020,2,40,5,reshare,0.12,0.1935913860503321,1
1132,scenario_020,1,44,5,reshare,0.08,0.19471673186745303,1
1133,scenario_020,2,46,5,reshare,0.18,0.3158036780155337,1
1134,scenario_021,1,1,1,reshare,0.18,0.19914655668661813,4
1135,scenario_021,1,8,1,reshare,0.31,0.3368738359632417,4
1136,scenario_021,1,13,1,reshare,0.22,0.3256264729093919,4
1137,scenario_021,1,14,1,reshare,0.12,0.15849061911834436,4
1138,scenario_021,1,17,1,reshare,0.28,0.2417095803451827,4
1139,scenario_021,1,18,1,reshare,0.18,0.24997953607127307,4
1140,scenario_021,1,24,1,reshare,0.28,0.221244662701729,4
1141,scenario_021,1,27,1,reshare,0.18,0.23728023000150456,4
1142,scenario_021,1,30,1,reshare,0.12,0.22167769124014983,4
1143,scenario_021,1,43,1,reshare,0.22,0.20857945407227993,4
1144,scenario_021,1,44,1,reshare,0.28,0.4128956274370087,4
1145,scenario_021,1,49,1,reshare,0.18,0.203721190600254,4
1146,scenario_021,1,0,2,reshare,0.12,0.169548313266271,4
1147,scenario_021,2,1,2,reshare,0.12,0.23914132085451212,4
1148,scenario_021,1,3,2,reshare,0.12,0.19180182968408346,4
1149,scenario_021,1,4,2,reshare,0.12,0.2739138660869342,4
1150,scenario_021,1,5,2,reshare,0.18,0.3027073316607181,4
1151,scenario_021,1,9,2,reshare,0.18,0.27275645659128367,4
1152,scenario_021,1,10,2,reshare,0.18,0.2753163604563297,4
1153,scenario_021,1,12,2,reshare,0.12,0.28355997747043804,4
1154,scenario_021,2,14,2,reshare,0.12,0.2114598862089088,4
1155,scenario_021,1,15,2,reshare,0.08,0.13531384016621023,4
1156,scenario_021,2,17,2,reshare,0.41,0.28157922311471545,4
1157,scenario_021,2,18,2,reshare,0.18,0.3105519027497731,4
1158,scenario_021,1,21,2,reshare,0.22,0.2844398181553462,4
1159,scenario_021,1,22,2,reshare,0.05,0.09790808173790487,4
1160,scenario_021,1,26,2,reshare,0.18,0.30794843395579724,4
1161,scenario_021,1,28,2,reshare,0.05,0.20869565491673,4
1162,scenario_021,1,29,2,reshare,0.18,0.36908896271512304,4
1163,scenario_021,1,32,2,reshare,0.41,0.39735442997677994,4
1164,scenario_021,1,34,2,reshare,0.18,0.23353525726083563,4
1165,scenario_021,1,36,2,reshare,0.12,0.13918448492938637,4
1166,scenario_021,1,45,2,reshare,0.18,0.25891532705754616,4
1167,scenario_021,2,9,3,reshare,0.05,0.17430919665952094,4
1168,scenario_021,1,16,3,reshare,0.08,0.12198836874009554,4
1169,scenario_021,1,23,3,reshare,0.08,0.15341112127182302,4
1170,scenario_021,2,24,3,reshare,0.08,0.14267423928692854,4
1171,scenario_021,2,27,3,reshare,0.03,0.1419849569858481,4
1172,scenario_021,2,30,3,reshare,0.18,0.2936873231973388,4
1173,scenario_021,1,35,3,reshare,0.05,0.11645717596978944,4
1174,scenario_021,1,39,3,reshare,0.12,0.16246908992674158,4
1175,scenario_021,2,44,3,reshare,0.12,0.33157905757321,4
1176,scenario_021,2,45,3,reshare,0.08,0.1597270144637073,4
1177,scenario_021,1,47,3,reshare,0.31,0.2691250706075471,4
1178,scenario_021,2,4,4,reshare,0.18,0.32975694819500867,4
1179,scenario_021,2,15,4,reshare,0.18,0.17995864877816053,4
1180,scenario_021,2,16,4,reshare,0.08,0.15486807621103832,4
1181,scenario_021,1,19,4,reshare,0.12,0.19236175276492928,4
1182,scenario_021,2,21,4,reshare,0.41,0.3296227219730694,4
1183,scenario_021,1,25,4,reshare,0.18,0.27572560342779073,4
1184,scenario_021,2,26,4,reshare,0.62,0.38271112071688035,4
1185,scenario_021,2,29,4,reshare,0.18,0.3691687314626992,4
1186,scenario_021,2,32,4,reshare,0.28,0.39776194650552477,4
1187,scenario_021,1,33,4,reshare,0.18,0.2075395024792262,4
1188,scenario_021,2,35,4,reshare,0.12,0.19164754524285707,4
1189,scenario_021,2,36,4,reshare,0.12,0.16141478601956996,4
1190,scenario_021,1,37,4,reshare,0.22,0.2532021721255907,4
1191,scenario_021,1,38,4,reshare,0.41,0.29191106514097903,4
1192,scenario_021,2,39,4,reshare,0.18,0.16872648350753786,4
1193,scenario_021,1,42,4,reshare,0.03,0.09325012537731536,4
1194,scenario_021,2,0,5,reshare,0.03,0.09750246453661908,4
1195,scenario_021,2,5,5,reshare,0.12,0.23226422426155305,4
1196,scenario_021,2,10,5,reshare,0.18,0.2134361871338308,4
1197,scenario_021,1,11,5,reshare,0.03,0.10208980917664753,4
1198,scenario_021,2,12,5,reshare,0.05,0.1783349748298175,4
1199,scenario_021,2,19,5,reshare,0.08,0.13370479231249988,4
1200,scenario_021,2,22,5,reshare,0.03,0.054820923082699514,4
1201,scenario_021,2,23,5,reshare,0.18,0.10145721169345964,4
1202,scenario_021,1,31,5,reshare,0.03,0.052647336546670705,4
1203,scenario_021,2,33,5,reshare,0.08,0.12599996187850937,4
1204,scenario_021,1,40,5,reshare,0.05,0.2523325205712812,4
1205,scenario_021,2,47,5,reshare,0.18,0.1976972930286651,4
1206,scenario_021,1,48,5,reshare,0.22,0.1646960091009324,4
1207,scenario_021,2,49,5,reshare,0.05,0.12328851985385726,4
1208,scenario_022,1,4,1,reshare,0.05,0.12999532337318281,2
1209,scenario_022,1,6,1,reshare,0.61,0.2842775221180114,2
1210,scenario_022,1,12,1,reshare,0.18,0.28663880991711577,2
1211,scenario_022,1,19,1,reshare,0.31,0.33145113813720656,2
1212,scenario_022,1,20,1,reshare,0.28,0.46458064517926106,2
1213,scenario_022,1,25,1,reshare,0.12,0.17542493189762062,2
1214,scenario_022,1,31,1,reshare,0.08,0.15768321378982983,2
1215,scenario_022,1,37,1,reshare,0.28,0.3962842235711715,2
1216,scenario_022,1,39,1,reshare,0.18,0.1865714576599768,2
1217,scenario_022,1,44,1,reshare,0.05,0.11406376883831829,2
1218,scenario_022,1,3,2,reshare,0.18,0.13859580283126396,2
1219,scenario_022,1,7,2,reshare,0.18,0.13554649762576468,2
1220,scenario_022,1,8,2,reshare,0.12,0.09633185974375393,2
1221,scenario_022,1,14,2,reshare,0.18,0.24660344857645974,2
1222,scenario_022,2,19,2,reshare,0.18,0.2317521184174601,2
1223,scenario_022,1,22,2,reshare,0.48,0.34029443287264516,2
1224,scenario_022,1,26,2,reshare,0.18,0.15808839493363744,2
1225,scenario_022,1,28,2,reshare,0.12,0.24528128563533996,2
1226,scenario_022,1,32,2,reshare,0.18,0.30733884625948815,2
1227,scenario_022,1,35,2,reshare,0.12,0.14469532818325068,2
1228,scenario_022,2,37,2,reshare,0.28,0.44228457910848656,2
1229,scenario_022,1,42,2,reshare,0.08,0.12555685463466568,2
1230,scenario_022,1,43,2,reshare,0.08,0.20306539059514547,2
1231,scenario_022,1,49,2,reshare,0.08,0.079286956859617,2
1232,scenario_022,1,1,3,reshare,0.18,0.12709715037634955,2
1233,scenario_022,2,6,3,reshare,0.12,0.19684688472189835,2
1234,scenario_022,2,7,3,reshare,0.05,0.07740063181112834,2
1235,scenario_022,1,9,3,reshare,0.08,0.1234536299042835,2
1236,scenario_022,1,15,3,reshare,0.02,0.05491536902180406,2
1237,scenario_022,1,18,3,reshare,0.05,0.14418746434062005,2
1238,scenario_022,1,21,3,reshare,0.05,0.0961996190697176,2
1239,scenario_022,2,31,3,reshare,0.28,0.17834732827990504,2
1240,scenario_022,1,34,3,reshare,0.08,0.1300717338137898,2
1241,scenario_022,2,39,3,reshare,0.03,0.12153437316492403,2
1242,scenario_022,1,40,3,reshare,0.03,0.19288900525742772,2
1243,scenario_022,2,42,3,reshare,0.01,0.07206300889742831,2
1244,scenario_022,2,44,3,reshare,0.05,0.06351177159695921,2
1245,scenario_022,1,0,4,reshare,0.18,0.18366766311249433,2
1246,scenario_022,2,3,4,reshare,0.18,0.14590259507423103,2
1247,scenario_022,1,10,4,reshare,0.28,0.14469430204349343,2
1248,scenario_022,2,20,4,reshare,0.28,0.4599712344501689,2
1249,scenario_022,2,21,4,reshare,0.12,0.10766510329844886,2
1250,scenario_022,2,22,4,reshare,0.18,0.25633519102911506,2
1251,scenario_022,2,26,4,reshare,0.18,0.15161674307735484,2
1252,scenario_022,2,28,4,reshare,0.41,0.17000673480996267,2
1253,scenario_022,2,35,4,reshare,0.22,0.16223852779775838,2
1254,scenario_022,1,38,4,reshare,0.12,0.15564272016329977,2
1255,scenario_023,1,0,1,reshare,0.18,0.2742162707867249,1
1256,scenario_023,1,3,1,reshare,0.28,0.19416492260689858,1
1257,scenario_023,1,5,1,reshare,0.18,0.181275593203987,1
1258,scenario_023,1,7,1,reshare,0.12,0.06504085718610783,1
1259,scenario_023,1,9,1,reshare,0.28,0.27713162014765336,1
1260,scenario_023,1,14,1,reshare,0.12,0.22483343738615352,1
1261,scenario_023,1,16,1,reshare,0.28,0.16410532628680954,1
1262,scenario_023,1,17,1,reshare,0.12,0.08832229973659685,1
1263,scenario_023,1,18,1,reshare,0.28,0.2560678130091906,1
1264,scenario_023,1,20,1,reshare,0.28,0.17283263763490425,1
1265,scenario_023,1,24,1,reshare,0.28,0.26796015886642144,1
1266,scenario_023,1,27,1,reshare,0.12,0.14440121037897247,1
1267,scenario_023,1,32,1,reshare,0.41,0.29632271562183776,1
1268,scenario_023,1,37,1,reshare,0.18,0.13787691362344281,1
1269,scenario_023,1,45,1,reshare,0.18,0.17760148357071376,1
1270,scenario_023,1,46,1,reshare,0.18,0.2142773457869963,1
1271,scenario_023,1,47,1,reshare,0.12,0.13522288032554008,1
1272,scenario_023,2,0,2,reshare,0.28,0.35972661808410306,1
1273,scenario_023,2,3,2,reshare,0.18,0.24722778275198162,1
1274,scenario_023,2,5,2,reshare,0.18,0.13645570690490516,1
1275,scenario_023,2,7,2,reshare,0.18,0.10916976060568034,1
1276,scenario_023,1,10,2,reshare,0.18,0.16281892635070144,1
1277,scenario_023,2,14,2,reshare,0.18,0.2954907371147688,1
1278,scenario_023,2,16,2,reshare,0.18,0.17448151026110745,1
1279,scenario_023,2,18,2,reshare,0.18,0.30884083769081677,1
1280,scenario_023,1,19,2,reshare,0.08,0.042042640091426664,1
1281,scenario_023,1,22,2,reshare,0.12,0.15507286521941133,1
1282,scenario_023,2,24,2,reshare,0.18,0.2724889535258245,1
1283,scenario_023,1,25,2,reshare,0.28,0.4096253350048943,1
1284,scenario_023,1,29,2,reshare,0.22,0.19399778954323982,1
1285,scenario_023,2,32,2,reshare,0.48,0.4279517852657487,1
1286,scenario_023,1,33,2,reshare,0.18,0.12716402700980806,1
1287,scenario_023,1,38,2,reshare,0.12,0.08747355778216882,1
1288,scenario_023,1,39,2,reshare,0.12,0.08638290170140932,1
1289,scenario_023,1,43,2,reshare,0.18,0.21724054772962592,1
1290,scenario_023,1,44,2,reshare,0.12,0.18170389562836836,1
1291,scenario_023,2,47,2,reshare,0.08,0.09876309247486109,1
1292,scenario_023,1,1,3,reshare,0.08,0.1178218463709506,1
1293,scenario_023,1,2,3,reshare,0.28,0.2605212166112428,1
1294,scenario_023,1,6,3,reshare,0.41,0.36734397247240996,1
1295,scenario_023,2,20,3,reshare,0.18,0.2069110340674614,1
1296,scenario_023,2,22,3,reshare,0.18,0.18893195485180808,1
1297,scenario_023,2,27,3,reshare,0.08,0.15841314346770158,1
1298,scenario_023,2,29,3,reshare,0.58,0.228143260791619,1
1299,scenario_023,1,35,3,reshare,0.18,0.23321155486372414,1
1300,scenario_023,2,37,3,reshare,0.18,0.24670184455921773,1
1301,scenario_023,1,41,3,reshare,0.22,0.19830599818262315,1
1302,scenario_023,1,42,3,reshare,0.58,0.33685407805529577,1
1303,scenario_023,1,49,3,reshare,0.08,0.1236969915031379,1
1304,scenario_023,1,4,4,reshare,0.28,0.2591100422471326,1
1305,scenario_023,2,6,4,reshare,0.42,0.4078933846594609,1
1306,scenario_023,1,8,4,reshare,0.18,0.23787248599263489,1
1307,scenario_023,1,31,4,reshare,0.08,0.1541605615234748,1
1308,scenario_023,2,33,4,reshare,0.18,0.14260275323806854,1
1309,scenario_023,1,34,4,reshare,0.18,0.20604664484681517,1
1310,scenario_023,1,36,4,reshare,0.12,0.15389950532278052,1
1311,scenario_023,2,41,4,reshare,0.28,0.262086902772317,1
1312,scenario_023,2,42,4,reshare,0.41,0.39407023194219565,1
1313,scenario_023,2,46,4,reshare,0.18,0.27806419371956803,1
1314,scenario_024,1,1,1,reshare,0.12,0.13011977442810613,3
1315,scenario_024,1,3,1,reshare,0.12,0.11976363218170734,3
1316,scenario_024,1,4,1,reshare,0.28,0.2956442102330681,3
1317,scenario_024,1,8,1,reshare,0.28,0.18595174604471368,3
1318,scenario_024,1,11,1,reshare,0.18,0.22688617583351028,3
1319,scenario_024,1,18,1,reshare,0.18,0.21492558743748982,3
1320,scenario_024,1,19,1,reshare,0.58,0.3596047236937937,3
1321,scenario_024,1,20,1,reshare,0.28,0.24073872743293553,3
1322,scenario_024,1,30,1,reshare,0.12,0.13467938276317618,3
1323,scenario_024,1,38,1,reshare,0.46,0.25284247926230397,3
1324,scenario_024,1,42,1,reshare,0.12,0.13212627898396542,3
1325,scenario_024,1,44,1,reshare,0.41,0.18950205893028155,3
1326,scenario_024,1,47,1,reshare,0.57,0.442122350193854,3
1327,scenario_024,1,0,2,reshare,0.58,0.4792534951952469,3
1328,scenario_024,2,4,2,reshare,0.18,0.345951544557458,3
1329,scenario_024,1,5,2,reshare,0.46,0.32601787538796384,3
1330,scenario_024,1,9,2,reshare,0.41,0.2744107057208547,3
1331,scenario_024,1,12,2,reshare,0.18,0.17707257017976155,3
1332,scenario_024,1,15,2,reshare,0.28,0.17174116760457767,3
1333,scenario_024,2,20,2,reshare,0.18,0.2473222021433999,3
1334,scenario_024,1,22,2,reshare,0.34,0.284578580360835,3
1335,scenario_024,1,24,2,reshare,0.18,0.201047551130532,3
1336,scenario_024,2,30,2,reshare,0.18,0.15525853360842484,3
1337,scenario_024,1,32,2,reshare,0.18,0.19588234742829733,3
1338,scenario_024,1,33,2,reshare,0.18,0.19006483852313336,3
1339,scenario_024,1,34,2,reshare,0.12,0.1142950790723255,3
1340,scenario_024,1,41,2,reshare,0.63,0.39055372255256804,3
1341,scenario_024,2,8,3,reshare,0.41,0.2734984086597478,3
1342,scenario_024,1,10,3,reshare,0.28,0.249294120531057,3
1343,scenario_024,2,12,3,reshare,0.18,0.20743025379422805,3
1344,scenario_024,1,17,3,reshare,0.18,0.23146605153475058,3
1345,scenario_024,2,38,3,reshare,0.46,0.31472733105910744,3
1346,scenario_024,2,42,3,reshare,0.08,0.15177429962310163,3
1347,scenario_024,2,47,3,reshare,0.58,0.638078833463808,3
1348,scenario_024,1,48,3,reshare,0.18,0.11111519269529375,3
1349,scenario_024,1,49,3,reshare,0.58,0.3109204592028185,3
1350,scenario_024,1,6,4,reshare,0.28,0.2893708841752992,3
1351,scenario_024,2,9,4,reshare,0.12,0.1721257623197127,3
1352,scenario_024,2,10,4,reshare,0.08,0.15243216294361248,3
1353,scenario_024,1,16,4,reshare,0.41,0.21436358247565243,3
1354,scenario_024,2,17,4,reshare,0.18,0.1826809761716465,3
1355,scenario_024,2,22,4,reshare,0.28,0.3933551097023207,3
1356,scenario_024,1,29,4,reshare,0.58,0.3642002499894609,3
1357,scenario_024,2,32,4,reshare,0.18,0.19511008339161126,3
1358,scenario_024,2,34,4,reshare,0.12,0.11617104065527586,3
1359,scenario_024,1,36,4,reshare,0.58,0.3588220607792216,3
1360,scenario_024,2,41,4,reshare,0.62,0.46067578093217554,3
1361,scenario_024,1,43,4,reshare,0.18,0.12613879372513123,3
1362,scenario_024,1,46,4,reshare,0.08,0.06285619790138502,3
1363,scenario_024,2,49,4,reshare,0.42,0.36922118114536534,3
1364,scenario_024,2,5,5,reshare,0.08,0.19500051732949045,3
1365,scenario_024,2,15,5,reshare,0.05,0.11966719741259277,3
1366,scenario_024,2,24,5,reshare,0.03,0.11560912847321816,3
1367,scenario_024,1,26,5,reshare,0.58,0.452622850918009,3
1368,scenario_024,1,39,5,reshare,0.41,0.352901707978917,3
1369,scenario_024,2,48,5,reshare,0.08,0.1115552608878095,3
1370,scenario_025,1,2,1,reshare,0.18,0.16477613640363778,0
1371,scenario_025,1,5,1,reshare,0.58,0.2359364585504775,0
1372,scenario_025,1,7,1,reshare,0.18,0.19335149967191312,0
1373,scenario_025,1,12,1,reshare,0.58,0.3544761185478977,0
1374,scenario_025,1,18,1,reshare,0.58,0.3491833189241793,0
1375,scenario_025,1,24,1,reshare,0.41,0.37345069666744196,0
1376,scenario_025,1,25,1,reshare,0.22,0.1637952642986745,0
1377,scenario_025,1,34,1,reshare,0.22,0.19150649566794734,0
1378,scenario_025,1,35,1,reshare,0.18,0.22978351975379124,0
1379,scenario_025,1,38,1,reshare,0.38,0.3218735539164999,0
1380,scenario_025,1,40,1,reshare,0.18,0.1876471071750132,0
1381,scenario_025,1,44,1,reshare,0.18,0.2230788152592696,0
1382,scenario_025,1,1,2,reshare,0.08,0.08756320472847265,0
1383,scenario_025,1,3,2,reshare,0.18,0.3497961652023662,0
1384,scenario_025,2,5,2,reshare,0.12,0.171207163832015,0
1385,scenario_025,1,9,2,reshare,0.22,0.23951928423617785,0
1386,scenario_025,2,12,2,reshare,0.62,0.44931589613376915,0
1387,scenario_025,1,16,2,reshare,0.08,0.03804602329651086,0
1388,scenario_025,1,23,2,reshare,0.12,0.10483909221003765,0
1389,scenario_025,2,24,2,reshare,0.41,0.4435186281404374,0
1390,scenario_025,1,33,2,reshare,0.18,0.2224167468659784,0
1391,scenario_025,1,36,2,reshare,0.41,0.4014975020522201,0
1392,scenario_025,1,39,2,reshare,0.18,0.11035990561896233,0
1393,scenario_025,1,43,2,reshare,0.12,0.11955963879548367,0
1394,scenario_025,1,49,2,reshare,0.18,0.2942755795570012,0
1395,scenario_025,2,1,3,reshare,0.22,0.12244156843544594,0
1396,scenario_025,2,2,3,reshare,0.12,0.1628759864949651,0
1397,scenario_025,1,4,3,reshare,0.05,0.07056669904698963,0
1398,scenario_025,1,8,3,reshare,0.08,0.11836054087523863,0
1399,scenario_025,1,11,3,reshare,0.28,0.18433155915067007,0
1400,scenario_025,1,17,3,reshare,0.08,0.15372838692588953,0
1401,scenario_025,1,21,3,reshare,0.18,0.19864161710649006,0
1402,scenario_025,2,25,3,reshare,0.41,0.26594589966709115,0
1403,scenario_025,1,27,3,reshare,0.12,0.1504692763951774,0
1404,scenario_025,1,31,3,reshare,0.41,0.3352984671033989,0
1405,scenario_025,2,33,3,reshare,0.42,0.27787726757181386,0
1406,scenario_025,2,34,3,reshare,0.18,0.20050145543685902,0
1407,scenario_025,2,38,3,reshare,0.28,0.41866283684122163,0
1408,scenario_025,2,39,3,reshare,0.05,0.11066767571482491,0
1409,scenario_025,2,40,3,reshare,0.18,0.2149149401495516,0
1410,scenario_025,1,41,3,reshare,0.18,0.4933706891270149,0
1411,scenario_025,2,43,3,reshare,0.41,0.1399185526445688,0
1412,scenario_025,1,45,3,reshare,0.28,0.1866270404535272,0
1413,scenario_025,1,47,3,reshare,0.18,0.20147302121319488,0
1414,scenario_025,1,0,4,reshare,0.28,0.3402687090920139,0
1415,scenario_025,2,3,4,reshare,0.28,0.3562557102430317,0
1416,scenario_025,2,8,4,reshare,0.18,0.15969163239593565,0
1417,scenario_025,2,9,4,reshare,0.18,0.33763118307356554,0
1418,scenario_025,1,10,4,reshare,0.12,0.19943858591721067,0
1419,scenario_025,2,11,4,reshare,0.18,0.24203510121144103,0
1420,scenario_025,1,14,4,reshare,0.18,0.17717173198652822,0
1421,scenario_025,2,16,4,reshare,0.12,0.05810687421900813,0
1422,scenario_025,2,17,4,reshare,0.12,0.18693875173659322,0
1423,scenario_025,2,18,4,reshare,0.31,0.3955795673341687,0
1424,scenario_025,1,20,4,reshare,0.18,0.15355728114696907,0
1425,scenario_025,2,21,4,reshare,0.34,0.2730468312908383,0
1426,scenario_025,1,22,4,reshare,0.12,0.17949043725431416,0
1427,scenario_025,2,31,4,reshare,0.28,0.39403348825952145,0
1428,scenario_025,1,32,4,reshare,0.28,0.2126179623123442,0
1429,scenario_025,2,36,4,reshare,0.28,0.4006075818969762,0
1430,scenario_025,1,37,4,reshare,0.12,0.0921548920230067,0
1431,scenario_025,2,41,4,reshare,0.41,0.5576077570505102,0
1432,scenario_025,2,45,4,reshare,0.12,0.2264383281763947,0
1433,scenario_025,2,49,4,reshare,0.41,0.37763885073770564,0
1434,scenario_025,2,4,5,reshare,0.05,0.03720453413717936,0
1435,scenario_025,1,13,5,reshare,0.28,0.2770702862871205,0
1436,scenario_025,1,29,5,reshare,0.18,0.18223124228273221,0
1437,scenario_025,1,30,5,reshare,0.18,0.18907068971273486,0
1438,scenario_025,2,44,5,reshare,0.12,0.1433702151275821,0
1439,scenario_025,1,46,5,reshare,0.12,0.16535086217772385,0
1440,scenario_025,1,48,5,reshare,0.07,0.047681235998474805,0
1441,scenario_026,1,2,1,reshare,0.41,0.3023748886370145,4
1442,scenario_026,1,6,1,reshare,0.38,0.30817208315155464,4
1443,scenario_026,1,7,1,reshare,0.46,0.4221090266556381,4
1444,scenario_026,1,8,1,reshare,0.46,0.30470019476960886,4
1445,scenario_026,1,14,1,reshare,0.41,0.33671618247587465,4
1446,scenario_026,1,17,1,reshare,0.28,0.24762852027731294,4
1447,scenario_026,1,18,1,reshare,0.52,0.30697041377575934,4
1448,scenario_026,1,20,1,reshare,0.22,0.2082353190239173,4
1449,scenario_026,1,23,1,reshare,0.41,0.2822876735155078,4
1450,scenario_026,1,28,1,reshare,0.22,0.3343298388823848,4
1451,scenario_026,1,30,1,reshare,0.54,0.3823678012524754,4
1452,scenario_026,1,33,1,reshare,0.46,0.32690411706131883,4
1453,scenario_026,1,41,1,reshare,0.41,0.28621026719306814,4
1454,scenario_026,1,43,1,reshare,0.41,0.3772416316229871,4
1455,scenario_026,1,49,1,reshare,0.34,0.24223131754538257,4
1456,scenario_026,1,3,2,reshare,0.58,0.3770137060536052,4
1457,scenario_026,2,7,2,reshare,0.72,0.4767400271487594,4
1458,scenario_026,1,10,2,reshare,0.58,0.3444036452242967,4
1459,scenario_026,2,14,2,reshare,0.62,0.4295789176279563,4
1460,scenario_026,1,15,2,reshare,0.18,0.22401856705712175,4
1461,scenario_026,1,16,2,reshare,0.46,0.38064819028299934,4
1462,scenario_026,1,19,2,reshare,0.46,0.2475635804406993,4
1463,scenario_026,1,21,2,reshare,0.62,0.44713930051978384,4
1464,scenario_026,2,23,2,reshare,0.18,0.28337254510328935,4
1465,scenario_026,1,26,2,reshare,0.46,0.5049442933893623,4
1466,scenario_026,1,27,2,reshare,0.18,0.14261640430806638,4
1467,scenario_026,2,28,2,reshare,0.22,0.3930081361025655,4
1468,scenario_026,1,32,2,reshare,0.08,0.15940187566642763,4
1469,scenario_026,2,33,2,reshare,0.28,0.3681474318853187,4
1470,scenario_026,1,36,2,reshare,0.18,0.36518420815761204,4
1471,scenario_026,1,37,2,reshare,0.18,0.16667590587561285,4
1472,scenario_026,1,38,2,reshare,0.41,0.2912463974246136,4
1473,scenario_026,1,40,2,reshare,0.34,0.33743965757900596,4
1474,scenario_026,1,42,2,reshare,0.41,0.35422978493551793,4
1475,scenario_026,2,43,2,reshare,0.41,0.43605118045240415,4
1476,scenario_026,1,44,2,reshare,0.34,0.3098330701694208,4
1477,scenario_026,1,46,2,reshare,0.28,0.3315755699577168,4
1478,scenario_026,1,47,2,reshare,0.28,0.24842282712871927,4
1479,scenario_026,1,0,3,reshare,0.34,0.3086164346847895,4
1480,scenario_026,1,1,3,reshare,0.18,0.13396398482657898,4
1481,scenario_026,2,3,3,reshare,0.18,0.24918147080768227,4
1482,scenario_026,2,6,3,reshare,0.58,0.3926487753162376,4
1483,scenario_026,2,8,3,reshare,0.46,0.34144869508544884,4
1484,scenario_026,2,10,3,reshare,0.46,0.5144713565382797,4
1485,scenario_026,2,15,3,reshare,0.08,0.26358845290677485,4
1486,scenario_026,2,16,3,reshare,0.28,0.3644485617698876,4
1487,scenario_026,2,17,3,reshare,0.28,0.28973068133351076,4
1488,scenario_026,2,18,3,reshare,0.46,0.35454185579743225,4
1489,scenario_026,2,19,3,reshare,0.58,0.24981313422675705,4
1490,scenario_026,2,21,3,reshare,0.42,0.4105563494255704,4
1491,scenario_026,1,24,3,reshare,0.28,0.31454953842727795,4
1492,scenario_026,2,26,3,reshare,0.52,0.6298622738167303,4
1493,scenario_026,2,27,3,reshare,0.18,0.18636461581648603,4
1494,scenario_026,2,30,3,reshare,0.62,0.4421247635101163,4
1495,scenario_026,1,31,3,reshare,0.62,0.39159063204098904,4
1496,scenario_026,1,34,3,reshare,0.28,0.31856268204269755,4
1497,scenario_026,1,35,3,reshare,0.28,0.17485326415716748,4
1498,scenario_026,2,40,3,reshare,0.34,0.47696411852213766,4
1499,scenario_026,2,41,3,reshare,0.28,0.3436408852332464,4
1500,scenario_026,2,44,3,reshare,0.22,0.35869665342669166,4
1501,scenario_026,1,45,3,reshare,0.41,0.31620829129677147,4
1502,scenario_026,2,46,3,reshare,0.38,0.41671374670541383,4
1503,scenario_026,2,49,3,reshare,0.34,0.33424827172581456,4
1504,scenario_026,2,1,4,reshare,0.12,0.15528916100677584,4
1505,scenario_026,2,2,4,reshare,0.18,0.33721229912276807,4
1506,scenario_026,1,4,4,reshare,0.18,0.2092782010785809,4
1507,scenario_026,1,9,4,reshare,0.46,0.3969377615082079,4
1508,scenario_026,1,11,4,reshare,0.34,0.25379562848074244,4
1509,scenario_026,2,20,4,reshare,0.18,0.23759638754396484,4
1510,scenario_026,1,22,4,reshare,0.58,0.3281045188444162,4
1511,scenario_026,2,24,4,reshare,0.62,0.41371025109330206,4
1512,scenario_026,1,29,4,reshare,0.12,0.12031922330016193,4
1513,scenario_026,2,34,4,reshare,0.62,0.4492102030333221,4
1514,scenario_026,2,35,4,reshare,0.22,0.20583893906012835,4
1515,scenario_026,1,39,4,reshare,0.18,0.19640956525847292,4
1516,scenario_026,2,45,4,reshare,0.41,0.44377899531116016,4
1517,scenario_026,1,48,4,reshare,0.18,0.183729057648535,4
1518,scenario_026,2,0,5,reshare,0.28,0.2613545102802164,4
1519,scenario_026,2,4,5,reshare,0.03,0.12481597235410058,4
1520,scenario_026,1,25,5,reshare,0.28,0.18441146616229415,4
1521,scenario_026,2,31,5,reshare,0.63,0.34118317855262975,4
1522,scenario_026,2,32,5,reshare,0.08,0.17723875360102506,4
1523,scenario_026,2,36,5,reshare,0.58,0.47492861042560075,4
1524,scenario_026,2,42,5,reshare,0.28,0.36179967346062014,4
1525,scenario_026,2,29,6,reshare,0.08,0.0721683069922568,4
1526,scenario_026,2,37,6,reshare,0.08,0.1138272803492535,4
1527,scenario_026,2,47,6,reshare,0.18,0.22078217487124174,4
1528,scenario_027,1,3,1,reshare,0.12,0.35917164693179887,0
1529,scenario_027,1,6,1,reshare,0.28,0.42049436301228704,0
1530,scenario_027,1,7,1,reshare,0.41,0.5290722281679114,0
1531,scenario_027,1,9,1,reshare,0.22,0.3249475609429618,0
1532,scenario_027,1,17,1,reshare,0.18,0.2966001323520656,0
1533,scenario_027,1,29,1,reshare,0.18,0.4686447914292779,0
1534,scenario_027,1,33,1,reshare,0.28,0.4824051855001713,0
1535,scenario_027,1,36,1,reshare,0.18,0.21166863211570786,0
1536,scenario_027,1,38,1,reshare,0.08,0.3062319481369491,0
1537,scenario_027,1,43,1,reshare,0.18,0.251327983469497,0
1538,scenario_027,1,11,2,reshare,0.18,0.39536127870772175,0
1539,scenario_027,1,20,2,reshare,0.18,0.30822115692310925,0
1540,scenario_027,2,29,2,reshare,0.12,0.3287404135519261,0
1541,scenario_027,1,40,2,reshare,0.08,0.14610424182696202,0
1542,scenario_027,1,46,2,reshare,0.12,0.3336027992192713,0
1543,scenario_027,1,48,2,reshare,0.08,0.3215630215005962,0
1544,scenario_027,1,4,3,reshare,0.28,0.47708702203077447,0
1545,scenario_027,2,9,3,reshare,0.28,0.41366394417546654,0
1546,scenario_027,1,26,3,reshare,0.18,0.2747153314126433,0
1547,scenario_028,1,4,1,reshare,0.08,0.1297633797421686,3
1548,scenario_028,1,11,1,reshare,0.28,0.28442157826410086,3
1549,scenario_028,1,14,1,reshare,0.12,0.21885621371753106,3
1550,scenario_028,1,20,1,reshare,0.12,0.1457538373073904,3
1551,scenario_028,1,23,1,reshare,0.05,0.09031571348904126,3
1552,scenario_028,1,41,1,reshare,0.62,0.21416467167851877,3
1553,scenario_028,1,42,1,reshare,0.05,0.08696125426399857,3
1554,scenario_028,1,44,1,reshare,0.08,0.16522519080127274,3
1555,scenario_028,1,45,1,reshare,0.08,0.08972444298234268,3
1556,scenario_028,1,3,2,reshare,0.08,0.13316227842601805,3
1557,scenario_028,1,5,2,reshare,0.08,0.18102684344752526,3
1558,scenario_028,1,9,2,reshare,0.41,0.270505909101914,3
1559,scenario_028,2,11,2,reshare,0.41,0.35017171779904627,3
1560,scenario_028,1,13,2,reshare,0.08,0.12344745614962586,3
1561,scenario_028,2,14,2,reshare,0.12,0.2602486196032854,3
1562,scenario_028,1,22,2,reshare,0.12,0.19174908083069708,3
1563,scenario_028,1,31,2,reshare,0.05,0.11725495073157156,3
1564,scenario_028,1,32,2,reshare,0.18,0.2545825277159986,3
1565,scenario_028,1,34,2,reshare,0.12,0.16612467168015885,3
1566,scenario_028,1,35,2,reshare,0.41,0.29899529461444013,3
1567,scenario_028,1,37,2,reshare,0.18,0.1794614767552549,3
1568,scenario_028,2,41,2,reshare,0.28,0.257601160579379,3
1569,scenario_028,2,4,3,reshare,0.08,0.1687834293271794,3
1570,scenario_028,1,17,3,reshare,0.42,0.302452549327784,3
1571,scenario_028,1,21,3,reshare,0.12,0.19349344618062028,3
1572,scenario_028,2,22,3,reshare,0.28,0.2299264765140561,3
1573,scenario_028,2,23,3,reshare,0.12,0.11252222584400054,3
1574,scenario_028,1,28,3,reshare,0.03,0.09645024431881649,3
1575,scenario_028,1,29,3,reshare,0.28,0.2668635457078627,3
1576,scenario_028,2,31,3,reshare,0.18,0.1372499305366224,3
1577,scenario_028,1,36,3,reshare,0.28,0.27834311811497237,3
1578,scenario_028,1,39,3,reshare,0.12,0.12965206236351584,3
1579,scenario_028,1,40,3,reshare,0.18,0.30311955311597893,3
1580,scenario_028,2,44,3,reshare,0.41,0.2026739375047858,3
1581,scenario_028,1,47,3,reshare,0.12,0.19149095769111693,3
1582,scenario_028,2,3,4,reshare,0.12,0.16380229832504062,3
1583,scenario_028,1,7,4,reshare,0.08,0.12651079513889057,3
1584,scenario_028,1,10,4,reshare,0.12,0.09810803866316405,3
1585,scenario_028,1,25,4,reshare,0.12,0.20173282385154093,3
1586,scenario_028,2,28,4,reshare,0.05,0.1421265196450424,3
1587,scenario_028,2,35,4,reshare,0.18,0.21229957805383176,3
1588,scenario_028,2,42,4,reshare,0.03,0.10929857716980965,3
1589,scenario_028,1,48,4,reshare,0.12,0.1522706518733458,3
1590,scenario_028,2,32,5,reshare,0.18,0.3068214870417124,3
1591,scenario_028,2,39,5,reshare,0.08,0.1512943330063097,3
1592,scenario_028,2,48,5,reshare,0.18,0.20364805278034095,3
1593,scenario_029,1,0,1,reshare,0.18,0.3235020737964147,1
1594,scenario_029,1,7,1,reshare,0.08,0.23900200879142391,1
1595,scenario_029,1,9,1,reshare,0.18,0.25497150312555933,1
1596,scenario_029,1,11,1,reshare,0.12,0.1750800504077579,1
1597,scenario_029,1,14,1,reshare,0.12,0.27322033822510233,1
1598,scenario_029,1,20,1,reshare,0.12,0.27512778736716464,1
1599,scenario_029,1,21,1,reshare,0.08,0.21153476177359232,1
1600,scenario_029,1,24,1,reshare,0.22,0.386713467176164,1
1601,scenario_029,1,25,1,reshare,0.08,0.13954423427661988,1
1602,scenario_029,1,26,1,reshare,0.08,0.30216006765720915,1
1603,scenario_029,1,27,1,reshare,0.18,0.48005069800582073,1
1604,scenario_029,1,29,1,reshare,0.18,0.26808055945085485,1
1605,scenario_029,1,31,1,reshare,0.12,0.25705628391567653,1
1606,scenario_029,1,33,1,reshare,0.08,0.1703015078112468,1
1607,scenario_029,1,40,1,reshare,0.28,0.29746170674627204,1
1608,scenario_029,1,47,1,reshare,0.18,0.37989068139173826,1
1609,scenario_029,1,48,1,reshare,0.18,0.21575508474609484,1
1610,scenario_029,1,2,2,reshare,0.18,0.3196578034628708,1
1611,scenario_029,1,3,2,reshare,0.28,0.19203924042609335,1
1612,scenario_029,1,6,2,reshare,0.08,0.17083958441726477,1
1613,scenario_029,1,13,2,reshare,0.12,0.17494924756352434,1
1614,scenario_029,1,16,2,reshare,0.18,0.3061183181993993,1
1615,scenario_029,1,18,2,reshare,0.08,0.19892159279271443,1
1616,scenario_029,2,20,2,reshare,0.08,0.2873461948681665,1
1617,scenario_029,2,21,2,reshare,0.18,0.23497327671736312,1
1618,scenario_029,1,22,2,reshare,0.22,0.2051049773474548,1
1619,scenario_029,1,23,2,reshare,0.12,0.24288481306921345,1
1620,scenario_029,2,26,2,reshare,0.28,0.39089807487970113,1
1621,scenario_029,2,29,2,reshare,0.18,0.32440445440041005,1
1622,scenario_029,1,30,2,reshare,0.41,0.2659515785339126,1
1623,scenario_029,1,34,2,reshare,0.18,0.30482190092922906,1
1624,scenario_029,1,39,2,reshare,0.08,0.14629050542757208,1
1625,scenario_029,1,41,2,reshare,0.18,0.2711092848855481,1
1626,scenario_029,1,43,2,reshare,0.18,0.40166752121007776,1
1627,scenario_029,1,44,2,reshare,0.18,0.27792365768523863,1
1628,scenario_029,1,45,2,reshare,0.28,0.297908160914908,1
1629,scenario_029,2,48,2,reshare,0.18,0.23815125585184133,1
1630,scenario_029,2,0,3,reshare,0.41,0.42786054699475384,1
1631,scenario_029,2,24,3,reshare,0.18,0.42199239586486736,1
1632,scenario_029,2,30,3,reshare,0.38,0.37100442592439026,1
1633,scenario_029,1,38,3,reshare,0.18,0.2053148720306352,1
1634,scenario_030,1,1,1,reshare,0.05,0.15244505569451938,2
1635,scenario_030,1,4,1,reshare,0.46,0.3155817455285976,2
1636,scenario_030,1,14,1,reshare,0.18,0.2480191827541552,2
1637,scenario_030,1,20,1,reshare,0.48,0.33733817801256355,2
1638,scenario_030,1,22,1,reshare,0.08,0.15599248378168198,2
1639,scenario_030,1,27,1,reshare,0.58,0.4405147157342564,2
1640,scenario_030,1,34,1,reshare,0.58,0.4294428698815755,2
1641,scenario_030,1,35,1,reshare,0.41,0.25691351547017494,2
1642,scenario_030,1,44,1,reshare,0.28,0.2759844780863475,2
1643,scenario_030,1,46,1,reshare,0.08,0.11131580102109324,2
1644,scenario_030,1,5,2,reshare,0.18,0.20857853056487588,2
1645,scenario_030,1,6,2,reshare,0.28,0.2530195618102796,2
1646,scenario_030,1,7,2,reshare,0.34,0.28480077194196407,2
1647,scenario_030,1,8,2,reshare,0.41,0.4286115896557491,2
1648,scenario_030,2,14,2,reshare,0.28,0.28306883096674706,2
1649,scenario_030,1,15,2,reshare,0.28,0.31855457622482336,2
1650,scenario_030,1,17,2,reshare,0.41,0.23387777386267422,2
1651,scenario_030,1,19,2,reshare,0.18,0.15943398454650268,2
1652,scenario_030,2,20,2,reshare,0.41,0.3554078221128716,2
1653,scenario_030,2,22,2,reshare,0.28,0.16865439286890963,2
1654,scenario_030,1,23,2,reshare,0.48,0.3518053081327528,2
1655,scenario_030,1,25,2,reshare,0.46,0.35394134718996706,2
1656,scenario_030,2,27,2,reshare,0.58,0.5230630866396148,2
1657,scenario_030,1,28,2,reshare,0.58,0.4612081283685814,2
1658,scenario_030,1,31,2,reshare,0.46,0.4634195914730792,2
1659,scenario_030,1,33,2,reshare,0.41,0.5100693879294023,2
1660,scenario_030,1,37,2,reshare,0.18,0.20539045283858504,2
1661,scenario_030,2,5,3,reshare,0.18,0.3117373867518297,2
1662,scenario_030,2,6,3,reshare,0.18,0.16850553658848305,2
1663,scenario_030,2,8,3,reshare,0.12,0.33371811877133156,2
1664,scenario_030,1,11,3,reshare,0.18,0.3494391137136866,2
1665,scenario_030,1,13,3,reshare,0.31,0.24965138626437133,2
1666,scenario_030,2,15,3,reshare,0.18,0.2075912707571087,2
1667,scenario_030,1,18,3,reshare,0.28,0.26522951437366515,2
1668,scenario_030,1,21,3,reshare,0.58,0.45798869354544414,2
1669,scenario_030,2,23,3,reshare,0.12,0.22100284021937897,2
1670,scenario_030,2,25,3,reshare,0.41,0.42324952332481897,2
1671,scenario_030,2,34,3,reshare,0.63,0.5343338256498779,2
1672,scenario_030,2,35,3,reshare,0.46,0.3204896603105148,2
1673,scenario_030,1,36,3,reshare,0.34,0.3723612458493768,2
1674,scenario_030,2,37,3,reshare,0.28,0.27637720114808717,2
1675,scenario_030,1,40,3,reshare,0.62,0.4970747771808668,2
1676,scenario_030,2,44,3,reshare,0.34,0.3705508464444899,2
1677,scenario_030,1,47,3,reshare,0.58,0.42760327124945374,2
1678,scenario_030,1,3,4,reshare,0.12,0.22028381252474333,2
1679,scenario_030,2,17,4,reshare,0.08,0.1413413056964281,2
1680,scenario_030,2,19,4,reshare,0.08,0.09223080292396763,2
1681,scenario_030,2,21,4,reshare,0.46,0.5072888377126529,2
1682,scenario_030,1,24,4,reshare,0.12,0.21777244784288857,2
1683,scenario_030,2,28,4,reshare,0.62,0.49676343676277085,2
1684,scenario_030,1,42,4,reshare,0.58,0.4471211798818113,2
1685,scenario_030,1,2,5,reshare,0.34,0.237414684583846,2
1686,scenario_030,2,3,5,reshare,0.18,0.24595033432629068,2
1687,scenario_030,2,11,5,reshare,0.18,0.38969226223019465,2
1688,scenario_030,2,13,5,reshare,0.18,0.18125182978511167,2
1689,scenario_030,2,18,5,reshare,0.28,0.21507330738914032,2
1690,scenario_030,2,24,5,reshare,0.18,0.1307232145501991,2
1691,scenario_030,1,26,5,reshare,0.46,0.37004516317424846,2
1692,scenario_030,1,39,5,reshare,0.46,0.3037319917655583,2
1693,scenario_030,2,40,5,reshare,0.62,0.49388086141937043,2
1694,scenario_030,1,45,5,reshare,0.18,0.13192682462634103,2
1695,scenario_030,2,46,5,reshare,0.18,0.13555399439546478,2
1696,scenario_030,1,48,5,reshare,0.18,0.27217412716194617,2
1697,scenario_030,1,9,6,reshare,0.08,0.09300542182473313,2
1698,scenario_030,1,10,6,reshare,0.12,0.10447632498609792,2
1699,scenario_030,1,16,6,reshare,0.08,0.10296012651695002,2
1700,scenario_030,1,32,6,reshare,0.12,0.14528643006268907,2
1701,scenario_030,1,38,6,reshare,0.12,0.12993062525522686,2
1702,scenario_030,2,42,6,reshare,0.62,0.49476050166903685,2
1703,scenario_031,1,13,1,reshare,0.08,0.13553874032551735,1
1704,scenario_031,1,17,1,reshare,0.12,0.24432872308136674,1
1705,scenario_031,1,18,1,reshare,0.18,0.211978743950005,1
1706,scenario_031,1,23,1,reshare,0.05,0.06275510951059644,1
1707,scenario_031,1,28,1,reshare,0.05,0.15701957898096894,1
1708,scenario_031,1,29,1,reshare,0.03,0.0442742497034589,1
1709,scenario_031,1,36,1,reshare,0.28,0.20791649559673733,1
1710,scenario_031,1,44,1,reshare,0.05,0.1473904914533048,1
1711,scenario_031,1,45,1,reshare,0.31,0.34182818267190734,1
1712,scenario_031,1,46,1,reshare,0.28,0.26804011561975355,1
1713,scenario_031,1,3,2,reshare,0.41,0.2704388478232326,1
1714,scenario_031,1,9,2,reshare,0.18,0.24085186965478014,1
1715,scenario_031,2,13,2,reshare,0.22,0.1837952921085706,1
1716,scenario_031,1,15,2,reshare,0.18,0.24672001557062398,1
1717,scenario_031,2,23,2,reshare,0.12,0.03142369808405317,1
1718,scenario_031,1,27,2,reshare,0.18,0.17485998721976267,1
1719,scenario_031,2,28,2,reshare,0.12,0.10389109193426155,1
1720,scenario_031,2,29,2,reshare,0.18,0.0527692203496271,1
1721,scenario_031,1,34,2,reshare,0.28,0.19552103596514375,1
1722,scenario_031,2,36,2,reshare,0.18,0.13142814596612784,1
1723,scenario_031,1,37,2,reshare,0.18,0.1614562069451929,1
1724,scenario_031,1,40,2,reshare,0.41,0.32540734370130325,1
1725,scenario_031,2,44,2,reshare,0.18,0.08736184568558668,1
1726,scenario_031,2,45,2,reshare,0.18,0.2258118639367604,1
1727,scenario_031,1,0,3,reshare,0.18,0.23662678687008465,1
1728,scenario_031,1,1,3,reshare,0.05,0.1701927489276128,1
1729,scenario_031,1,2,3,reshare,0.18,0.1571932733714939,1
1730,scenario_031,1,7,3,reshare,0.18,0.4480690284811807,1
1731,scenario_031,1,10,3,reshare,0.58,0.3248162374721093,1
1732,scenario_031,1,11,3,reshare,0.46,0.348048177962859,1
1733,scenario_031,2,15,3,reshare,0.42,0.31046977000186016,1
1734,scenario_031,1,16,3,reshare,0.18,0.1887914041676294,1
1735,scenario_031,2,17,3,reshare,0.46,0.29777479279871427,1
1736,scenario_031,2,18,3,reshare,0.41,0.255790006234796,1
1737,scenario_031,1,19,3,reshare,0.31,0.2724096320092163,1
1738,scenario_031,1,26,3,reshare,0.08,0.08734339130046355,1
1739,scenario_031,2,27,3,reshare,0.41,0.22394028890991344,1
1740,scenario_031,1,30,3,reshare,0.28,0.18210516964167395,1
1741,scenario_031,1,32,3,reshare,0.28,0.27574577497736563,1
1742,scenario_031,1,33,3,reshare,0.18,0.17540958166743267,1
1743,scenario_031,1,35,3,reshare,0.18,0.1458980908897646,1
1744,scenario_031,1,39,3,reshare,0.38,0.24848187659500787,1
1745,scenario_031,1,41,3,reshare,0.18,0.2052796613444057,1
1746,scenario_031,1,42,3,reshare,0.12,0.20481765476236635,1
1747,scenario_031,1,47,3,reshare,0.58,0.3976951348331015,1
1748,scenario_031,1,49,3,reshare,0.18,0.12292880667922185,1
1749,scenario_031,2,3,4,reshare,0.28,0.32893186410173597,1
1750,scenario_031,1,8,4,reshare,0.46,0.38656099515709696,1
1751,scenario_031,2,9,4,reshare,0.28,0.2794956684535383,1
1752,scenario_031,2,11,4,reshare,0.18,0.24162122357312463,1
1753,scenario_031,1,12,4,reshare,0.46,0.30007341401035886,1
1754,scenario_031,2,19,4,reshare,0.22,0.344330398171983,1
1755,scenario_031,1,20,4,reshare,0.18,0.16580890900789144,1
1756,scenario_031,1,22,4,reshare,0.08,0.09210171893121244,1
1757,scenario_031,1,25,4,reshare,0.28,0.2339193507650265,1
1758,scenario_031,2,26,4,reshare,0.28,0.10854551430611775,1
1759,scenario_031,1,38,4,reshare,0.12,0.2004437881763844,1
1760,scenario_031,2,40,4,reshare,0.28,0.377896810664137,1
1761,scenario_031,2,42,4,reshare,0.18,0.12851430293265306,1
1762,scenario_031,2,49,4,reshare,0.03,0.06638434168784657,1
1763,scenario_031,1,5,5,reshare,0.12,0.2014113448689963,1
1764,scenario_031,2,7,5,reshare,0.28,0.4661621024850126,1
1765,scenario_031,2,39,5,reshare,0.28,0.3464064738031697,1
1766,scenario_031,2,46,5,reshare,0.28,0.35412065474947146,1
1767,scenario_031,2,47,5,reshare,0.31,0.4036549232024131,1
1768,scenario_032,1,1,1,reshare,0.08,0.07551180465490077,2
1769,scenario_032,1,8,1,reshare,0.2,0.13296665652084477,2
1770,scenario_032,1,10,1,reshare,0.18,0.23867912550006862,2
1771,scenario_032,1,19,1,reshare,0.22,0.15666761757234207,2
1772,scenario_032,1,21,1,reshare,0.18,0.22676790620565399,2
1773,scenario_032,1,24,1,reshare,0.18,0.08522474742979176,2
1774,scenario_032,1,28,1,reshare,0.18,0.14573682791616951,2
1775,scenario_032,1,29,1,reshare,0.05,0.05771585253147116,2
1776,scenario_032,1,31,1,reshare,0.18,0.12778200880340165,2
1777,scenario_032,1,35,1,reshare,0.28,0.28420047794797476,2
1778,scenario_032,1,36,1,reshare,0.08,0.09466214499020952,2
1779,scenario_032,1,41,1,reshare,0.12,0.19257234085563238,2
1780,scenario_032,1,42,1,reshare,0.18,0.09563363232064777,2
1781,scenario_032,1,44,1,reshare,0.12,0.11215325508390177,2
1782,scenario_032,1,47,1,reshare,0.12,0.17685868581620784,2
1783,scenario_032,1,48,1,reshare,0.25,0.2318562800154634,2
1784,scenario_032,1,0,2,reshare,0.12,0.15424613561318598,2
1785,scenario_032,1,4,2,reshare,0.18,0.24638329143228163,2
1786,scenario_032,2,8,2,reshare,0.41,0.1589438054947014,2
1787,scenario_032,1,9,2,reshare,0.58,0.44050104318799943,2
1788,scenario_032,1,12,2,reshare,0.08,0.12635405074906125,2
1789,scenario_032,1,13,2,reshare,0.12,0.16105369085389437,2
1790,scenario_032,1,27,2,reshare,0.28,0.22898074122698067,2
1791,scenario_032,2,28,2,reshare,0.18,0.1816520242019874,2
1792,scenario_032,2,31,2,reshare,0.28,0.14915101310993703,2
1793,scenario_032,1,32,2,reshare,0.08,0.08143811497041367,2
1794,scenario_032,2,35,2,reshare,0.41,0.28191676482426,2
1795,scenario_032,1,45,2,reshare,0.08,0.1181158092634117,2
1796,scenario_032,1,46,2,reshare,0.18,0.22218665541559948,2
1797,scenario_032,1,7,3,reshare,0.05,0.07031280076173037,2
1798,scenario_033,1,0,1,reshare,0.08,0.2212631276463741,4
1799,scenario_033,1,2,1,reshare,0.18,0.20208589128813004,4
1800,scenario_033,1,3,1,reshare,0.34,0.2684808359614357,4
1801,scenario_033,1,5,1,reshare,0.18,0.30650269218731985,4
1802,scenario_033,1,6,1,reshare,0.12,0.1362165766591442,4
1803,scenario_033,1,10,1,reshare,0.58,0.48241472455226353,4
1804,scenario_033,1,14,1,reshare,0.18,0.2645083991619596,4
1805,scenario_033,1,17,1,reshare,0.48,0.37443039667676337,4
1806,scenario_033,1,18,1,reshare,0.18,0.19948383727109037,4
1807,scenario_033,1,21,1,reshare,0.28,0.28257571589247527,4
1808,scenario_033,1,23,1,reshare,0.28,0.22524685469731537,4
1809,scenario_033,1,27,1,reshare,0.18,0.3370725772038584,4
1810,scenario_033,1,35,1,reshare,0.28,0.22698781033574783,4
1811,scenario_033,1,36,1,reshare,0.12,0.13600988714160248,4
1812,scenario_033,1,42,1,reshare,0.28,0.30403106512125455,4
1813,scenario_033,1,43,1,reshare,0.28,0.40825407265255537,4
1814,scenario_033,1,47,1,reshare,0.18,0.2743955990831793,4
1815,scenario_033,2,2,2,reshare,0.18,0.2546790675980408,4
1816,scenario_033,1,7,2,reshare,0.31,0.309576440851159,4
1817,scenario_033,1,9,2,reshare,0.08,0.16326194298152535,4
1818,scenario_033,2,10,2,reshare,0.58,0.6085557843712618,4
1819,scenario_033,2,18,2,reshare,0.18,0.22597533176568776,4
1820,scenario_033,2,21,2,reshare,0.28,0.33069933243235144,4
1821,scenario_033,2,23,2,reshare,0.46,0.2773188126772241,4
1822,scenario_033,1,25,2,reshare,0.08,0.15848385661405884,4
1823,scenario_033,2,27,2,reshare,0.41,0.3860612326056111,4
1824,scenario_033,1,32,2,reshare,0.18,0.3139420936683864,4
1825,scenario_033,1,34,2,reshare,0.18,0.21187099038579285,4
1826,scenario_033,2,35,2,reshare,0.03,0.15791368756097252,4
1827,scenario_033,1,38,2,reshare,0.28,0.2548611186176488,4
1828,scenario_033,1,39,2,reshare,0.18,0.25118194236306784,4
1829,scenario_033,1,40,2,reshare,0.48,0.45450178794434387,4
1830,scenario_033,1,44,2,reshare,0.28,0.24939807739526468,4
1831,scenario_033,2,0,3,reshare,0.28,0.24106891978345527,4
1832,scenario_033,2,3,3,reshare,0.18,0.27925057177950546,4
1833,scenario_033,1,4,3,reshare,0.18,0.2256836978720877,4
1834,scenario_033,2,6,3,reshare,0.08,0.10002908429289048,4
1835,scenario_033,2,7,3,reshare,0.46,0.33525052871587646,4
1836,scenario_033,2,9,3,reshare,0.22,0.2475935743680612,4
1837,scenario_033,1,15,3,reshare,0.28,0.3741439123625162,4
1838,scenario_033,1,20,3,reshare,0.62,0.4854182637832714,4
1839,scenario_033,2,25,3,reshare,0.18,0.1680895246090566,4
1840,scenario_033,1,29,3,reshare,0.28,0.29131072037862715,4
1841,scenario_033,1,31,3,reshare,0.18,0.27328667203497214,4
1842,scenario_033,2,32,3,reshare,0.05,0.23690175628852198,4
1843,scenario_033,2,34,3,reshare,0.34,0.18546966264428094,4
1844,scenario_033,2,42,3,reshare,0.28,0.30510041579363456,4
1845,scenario_033,2,44,3,reshare,0.28,0.2778014096617062,4
1846,scenario_033,1,22,4,reshare,0.34,0.37958065284258163,4
1847,scenario_033,2,31,4,reshare,0.34,0.31939971718906485,4
1848,scenario_033,2,38,4,reshare,0.41,0.34365487850914933,4
1849,scenario_033,1,46,4,reshare,0.18,0.15896590969563576,4
1850,scenario_033,1,48,4,reshare,0.12,0.16071816419078622,4
1851,scenario_033,2,22,5,reshare,0.28,0.38921173235664913,4
1852,scenario_033,2,29,5,reshare,0.08,0.2991391159711748,4
1853,scenario_034,1,3,1,reshare,0.52,0.45372581589545513,1
1854,scenario_034,1,4,1,reshare,0.62,0.32309024172343637,1
1855,scenario_034,1,7,1,reshare,0.34,0.18193681692695635,1
1856,scenario_034,1,9,1,reshare,0.18,0.17649908037323478,1
1857,scenario_034,1,10,1,reshare,0.18,0.19155732347457477,1
1858,scenario_034,1,12,1,reshare,0.34,0.2872462656572859,1
1859,scenario_034,1,14,1,reshare,0.18,0.3223916239791885,1
1860,scenario_034,1,22,1,reshare,0.46,0.20519149371117074,1
1861,scenario_034,1,27,1,reshare,0.34,0.2174339643925885,1
1862,scenario_034,1,33,1,reshare,0.08,0.13089506101126439,1
1863,scenario_034,1,34,1,reshare,0.34,0.2718824462019734,1
1864,scenario_034,1,37,1,reshare,0.08,0.15079128488121846,1
1865,scenario_034,1,40,1,reshare,0.22,0.27398727347178964,1
1866,scenario_034,2,4,2,reshare,0.42,0.4805305570230977,1
1867,scenario_034,1,5,2,reshare,0.72,0.6020649202360587,1
1868,scenario_034,2,10,2,reshare,0.34,0.2676757330396531,1
1869,scenario_034,1,13,2,reshare,0.38,0.3468416427006836,1
1870,scenario_034,2,14,2,reshare,0.34,0.38070427695840625,1
1871,scenario_034,1,16,2,reshare,0.62,0.4358452759589918,1
1872,scenario_034,1,21,2,reshare,0.28,0.3045598518774561,1
1873,scenario_034,1,24,2,reshare,0.28,0.20250540331849912,1
1874,scenario_034,1,28,2,reshare,0.62,0.49216544601025963,1
1875,scenario_034,1,29,2,reshare,0.42,0.3024061119574156,1
1876,scenario_034,1,38,2,reshare,0.74,0.4204917525596282,1
1877,scenario_034,1,39,2,reshare,0.62,0.4432222190078853,1
1878,scenario_034,1,42,2,reshare,0.38,0.2561071202969422,1
1879,scenario_034,1,43,2,reshare,0.12,0.18102461826284544,1
1880,scenario_034,1,48,2,reshare,0.28,0.24669169762862758,1
1881,scenario_034,1,49,2,reshare,0.41,0.3219334574125082,1
1882,scenario_034,1,1,3,reshare,0.22,0.23240642204746986,1
1883,scenario_034,1,2,3,reshare,0.34,0.3296911218743935,1
1884,scenario_034,2,3,3,reshare,0.74,0.5248816577973159,1
1885,scenario_034,1,6,3,reshare,0.08,0.09914373991095227,1
1886,scenario_034,2,7,3,reshare,0.34,0.3126277030850745,1
1887,scenario_034,1,8,3,reshare,0.62,0.5900352182866171,1
1888,scenario_034,2,9,3,reshare,0.22,0.3486679022471415,1
1889,scenario_034,1,11,3,reshare,0.38,0.4170863630891533,1
1890,scenario_034,2,12,3,reshare,0.18,0.3057057185826856,1
1891,scenario_034,1,15,3,reshare,0.18,0.1903085249007771,1
1892,scenario_034,2,16,3,reshare,0.62,0.5430447847479094,1
1893,scenario_034,1,17,3,reshare,0.42,0.41128643587032265,1
1894,scenario_034,1,19,3,reshare,0.46,0.4763348992018368,1
1895,scenario_034,1,20,3,reshare,0.46,0.4084824620822863,1
1896,scenario_034,2,21,3,reshare,0.28,0.449012579181762,1
1897,scenario_034,2,22,3,reshare,0.28,0.14098717308441927,1
1898,scenario_034,1,23,3,reshare,0.42,0.17748966802782168,1
1899,scenario_034,1,25,3,reshare,0.41,0.37134095732834854,1
1900,scenario_034,1,26,3,reshare,0.46,0.32479387059431475,1
1901,scenario_034,2,28,3,reshare,0.72,0.586951208744679,1
1902,scenario_034,1,31,3,reshare,0.34,0.21386059238974284,1
1903,scenario_034,1,32,3,reshare,0.18,0.24874066534351014,1
1904,scenario_034,2,34,3,reshare,0.12,0.2834876657723115,1
1905,scenario_034,2,37,3,reshare,0.46,0.21692471271390623,1
1906,scenario_034,2,38,3,reshare,0.46,0.42670594618304736,1
1907,scenario_034,2,39,3,reshare,0.18,0.3079341365046113,1
1908,scenario_034,1,41,3,reshare,0.18,0.19100318879929953,1
1909,scenario_034,2,42,3,reshare,0.34,0.34206226387883726,1
1910,scenario_034,1,45,3,reshare,0.05,0.09297795471168926,1
1911,scenario_034,2,49,3,reshare,0.42,0.5423712854410749,1
1912,scenario_034,1,0,4,reshare,0.46,0.2863386237404066,1
1913,scenario_034,2,8,4,reshare,0.74,0.7538637931491611,1
1914,scenario_034,2,13,4,reshare,0.42,0.5156627742958165,1
1915,scenario_034,2,24,4,reshare,0.12,0.2687268462441671,1
1916,scenario_034,2,40,4,reshare,0.18,0.31867925670599756,1
1917,scenario_034,2,43,4,reshare,0.18,0.22529091983331276,1
1918,scenario_034,1,44,4,reshare,0.18,0.20133366223855473,1
1919,scenario_034,2,45,4,reshare,0.18,0.10797539440405746,1
1920,scenario_034,1,47,4,reshare,0.58,0.5015678728986156,1
1921,scenario_034,2,11,5,reshare,0.38,0.4624317405197467,1
1922,scenario_034,2,26,5,reshare,0.42,0.38038579296501973,1
1923,scenario_034,2,47,5,reshare,0.42,0.5802569915964418,1
1924,scenario_034,2,0,6,reshare,0.28,0.33156736841150153,1
1925,scenario_034,2,19,6,reshare,0.62,0.5915667848426988,1
1926,scenario_034,2,20,6,reshare,0.52,0.5015497838615705,1
1927,scenario_034,2,15,7,reshare,0.08,0.1928130082682171,1
1928,scenario_034,1,30,7,reshare,0.18,0.2136213807559941,1
1929,scenario_034,2,48,7,reshare,0.18,0.2492073326573824,1
1930,scenario_034,2,33,8,reshare,0.46,0.17201917371433936,1
1931,scenario_035,1,0,1,reshare,0.18,0.2453743798913135,1
1932,scenario_035,1,4,1,reshare,0.41,0.43039727553910845,1
1933,scenario_035,1,8,1,reshare,0.46,0.46646316835132545,1
1934,scenario_035,1,12,1,reshare,0.28,0.24881809271232866,1
1935,scenario_035,1,14,1,reshare,0.18,0.30130901697561663,1
1936,scenario_035,1,19,1,reshare,0.46,0.3908379598977289,1
1937,scenario_035,1,20,1,reshare,0.34,0.30458721039608877,1
1938,scenario_035,1,25,1,reshare,0.18,0.27383044339799256,1
1939,scenario_035,1,28,1,reshare,0.38,0.44851143697465823,1
1940,scenario_035,1,30,1,reshare,0.18,0.23502964415396999,1
1941,scenario_035,1,35,1,reshare,0.58,0.3627997671797228,1
1942,scenario_035,1,36,1,reshare,0.58,0.4673695050030088,1
1943,scenario_035,1,37,1,reshare,0.72,0.551706737590057,1
1944,scenario_035,1,39,1,reshare,0.18,0.25251465470687373,1
1945,scenario_035,1,47,1,reshare,0.46,0.32962968147001187,1
1946,scenario_035,1,49,1,reshare,0.22,0.43173073543921003,1
1947,scenario_035,2,0,2,reshare,0.18,0.15584430851750028,1
1948,scenario_035,1,2,2,reshare,0.46,0.46549203558128394,1
1949,scenario_035,2,4,2,reshare,0.41,0.45397662992299515,1
1950,scenario_035,1,7,2,reshare,0.62,0.5115058596773545,1
1951,scenario_035,2,8,2,reshare,0.38,0.5209826689593294,1
1952,scenario_035,1,9,2,reshare,0.18,0.3293145540865603,1
1953,scenario_035,1,11,2,reshare,0.72,0.5229972434250655,1
1954,scenario_035,2,12,2,reshare,0.42,0.34622127526821134,1
1955,scenario_035,1,15,2,reshare,0.62,0.31520468947867025,1
1956,scenario_035,1,17,2,reshare,0.34,0.4861377903853658,1
1957,scenario_035,2,19,2,reshare,0.28,0.4558029040830224,1
1958,scenario_035,2,20,2,reshare,0.46,0.4043354784557907,1
1959,scenario_035,1,22,2,reshare,0.63,0.4625652170669772,1
1960,scenario_035,2,25,2,reshare,0.28,0.36523859971346406,1
1961,scenario_035,1,27,2,reshare,0.34,0.24271397794432018,1
1962,scenario_035,2,28,2,reshare,0.18,0.3339348207849553,1
1963,scenario_035,2,30,2,reshare,0.18,0.2866411200989532,1
1964,scenario_035,1,31,2,reshare,0.62,0.5485441920387211,1
1965,scenario_035,1,32,2,reshare,0.62,0.3312211892635517,1
1966,scenario_035,1,34,2,reshare,0.08,0.10285703771876506,1
1967,scenario_035,2,35,2,reshare,0.18,0.27495977539897565,1
1968,scenario_035,2,36,2,reshare,0.62,0.5347968193840451,1
1969,scenario_035,2,37,2,reshare,0.62,0.7104283383400459,1
1970,scenario_035,1,38,2,reshare,0.46,0.2408306177657322,1
1971,scenario_035,1,40,2,reshare,0.22,0.32954922938057196,1
1972,scenario_035,1,41,2,reshare,0.18,0.24794358811099929,1
1973,scenario_035,1,42,2,reshare,0.46,0.4912224277778811,1
1974,scenario_035,1,46,2,reshare,0.62,0.5397003507500966,1
1975,scenario_035,2,47,2,reshare,0.42,0.4115494006721139,1
1976,scenario_035,1,48,2,reshare,0.38,0.2590145046462212,1
1977,scenario_035,2,49,2,reshare,0.28,0.5374636881917528,1
1978,scenario_035,2,2,3,reshare,0.46,0.5234795320418065,1
1979,scenario_035,1,5,3,reshare,0.62,0.6782119902818063,1
1980,scenario_035,2,9,3,reshare,0.58,0.3709818861801153,1
1981,scenario_035,1,10,3,reshare,0.52,0.36552601293793024,1
1982,scenario_035,1,13,3,reshare,0.22,0.33822306788622963,1
1983,scenario_035,2,14,3,reshare,0.22,0.4580146800514532,1
1984,scenario_035,1,16,3,reshare,0.38,0.2778849913086104,1
1985,scenario_035,1,21,3,reshare,0.62,0.3871694280945258,1
1986,scenario_035,2,22,3,reshare,0.38,0.5084828539213996,1
1987,scenario_035,1,24,3,reshare,0.58,0.43682248367187226,1
1988,scenario_035,1,26,3,reshare,0.41,0.30788040571126474,1
1989,scenario_035,2,27,3,reshare,0.34,0.2907411902722085,1
1990,scenario_035,1,29,3,reshare,0.12,0.22936652348714218,1
1991,scenario_035,2,32,3,reshare,0.46,0.36086488575926357,1
1992,scenario_035,1,33,3,reshare,0.18,0.23588034760135757,1
1993,scenario_035,2,38,3,reshare,0.18,0.2529912791484143,1
1994,scenario_035,2,39,3,reshare,0.12,0.26024324089017925,1
1995,scenario_035,2,40,3,reshare,0.18,0.2730124193335266,1
1996,scenario_035,2,41,3,reshare,0.18,0.29762457498812334,1
1997,scenario_035,1,43,3,reshare,0.22,0.18225459264830193,1
1998,scenario_035,2,46,3,reshare,0.18,0.42460370869023834,1
1999,scenario_035,2,11,4,reshare,0.62,0.6500796912133047,1
2000,scenario_035,2,13,4,reshare,0.22,0.3433659238977207,1
2001,scenario_035,2,15,4,reshare,0.42,0.3209148826093197,1
2002,scenario_035,2,31,4,reshare,0.62,0.6098804852974059,1
2003,scenario_035,2,34,4,reshare,0.22,0.16822133227174926,1
2004,scenario_035,2,43,4,reshare,0.18,0.21017039134853158,1
2005,scenario_036,1,1,1,reshare,0.22,0.13820235866202354,2
2006,scenario_036,1,3,1,reshare,0.18,0.18569152947886336,2
2007,scenario_036,1,9,1,reshare,0.38,0.3766614597589067,2
2008,scenario_036,1,16,1,reshare,0.62,0.4263299321766778,2
2009,scenario_036,1,24,1,reshare,0.18,0.24398028209049596,2
2010,scenario_036,1,26,1,reshare,0.28,0.2914218863639726,2
2011,scenario_036,1,30,1,reshare,0.72,0.5777262369936238,2
2012,scenario_036,1,32,1,reshare,0.12,0.23318331387692529,2
2013,scenario_036,1,33,1,reshare,0.18,0.18737557819164727,2
2014,scenario_036,1,38,1,reshare,0.42,0.3791012962274265,2
2015,scenario_036,1,46,1,reshare,0.28,0.26882240400506646,2
2016,scenario_036,1,5,2,reshare,0.18,0.36812425317090275,2
2017,scenario_036,1,6,2,reshare,0.46,0.4075074787816533,2
2018,scenario_036,1,7,2,reshare,0.38,0.3157918167084266,2
2019,scenario_036,1,10,2,reshare,0.46,0.3976741368616054,2
2020,scenario_036,1,11,2,reshare,0.48,0.38770344611905694,2
2021,scenario_036,1,25,2,reshare,0.18,0.28814561520292026,2
2022,scenario_036,2,26,2,reshare,0.34,0.3608106311173978,2
2023,scenario_036,1,27,2,reshare,0.62,0.5256173236384141,2
2024,scenario_036,2,30,2,reshare,0.42,0.5731447749177495,2
2025,scenario_036,2,38,2,reshare,0.46,0.4083635795749795,2
2026,scenario_036,1,40,2,reshare,0.58,0.26624877065654734,2
2027,scenario_036,1,43,2,reshare,0.41,0.4296987723013197,2
2028,scenario_036,1,44,2,reshare,0.42,0.31011298040717405,2
2029,scenario_036,1,49,2,reshare,0.72,0.5081317527781201,2
2030,scenario_036,2,1,3,reshare,0.12,0.13733705742122676,2
2031,scenario_036,2,5,3,reshare,0.42,0.3881241559763369,2
2032,scenario_036,2,6,3,reshare,0.41,0.4085748105915758,2
2033,scenario_036,2,7,3,reshare,0.28,0.31161184406251113,2
2034,scenario_036,2,9,3,reshare,0.34,0.43771264145311506,2
2035,scenario_036,1,12,3,reshare,0.46,0.34142819924816276,2
2036,scenario_036,2,16,3,reshare,0.52,0.4318528826537445,2
2037,scenario_036,1,23,3,reshare,0.28,0.33049107983639037,2
2038,scenario_036,2,27,3,reshare,0.58,0.6152082324431826,2
2039,scenario_036,1,36,3,reshare,0.42,0.35809056422264435,2
2040,scenario_036,1,37,3,reshare,0.58,0.23683525945559855,2
2041,scenario_036,2,43,3,reshare,0.34,0.43078196771954946,2
2042,scenario_036,2,44,3,reshare,0.28,0.3485666017847724,2
2043,scenario_036,1,48,3,reshare,0.28,0.3909079042252218,2
2044,scenario_036,2,3,4,reshare,0.46,0.22920240226456653,2
2045,scenario_036,1,4,4,reshare,0.22,0.2436008887324851,2
2046,scenario_036,1,8,4,reshare,0.28,0.2659630138766231,2
2047,scenario_036,2,10,4,reshare,0.52,0.4365690418824544,2
2048,scenario_036,2,11,4,reshare,0.42,0.47876881022197243,2
2049,scenario_036,2,12,4,reshare,0.34,0.3556868547569694,2
2050,scenario_036,1,14,4,reshare,0.46,0.5844458237520439,2
2051,scenario_036,1,20,4,reshare,0.34,0.23440722895291252,2
2052,scenario_036,1,21,4,reshare,0.46,0.31472542050321917,2
2053,scenario_036,2,24,4,reshare,0.12,0.17263403933700958,2
2054,scenario_036,2,25,4,reshare,0.42,0.34671381621255265,2
2055,scenario_036,1,28,4,reshare,0.18,0.27133789552413534,2
2056,scenario_036,1,31,4,reshare,0.62,0.5860261512699381,2
2057,scenario_036,2,37,4,reshare,0.42,0.3031732559409434,2
2058,scenario_036,1,39,4,reshare,0.28,0.4169371446298066,2
2059,scenario_036,2,40,4,reshare,0.46,0.31480063687959675,2
2060,scenario_036,2,46,4,reshare,0.18,0.2900784899271666,2
2061,scenario_036,2,49,4,reshare,0.62,0.6009184418901934,2
2062,scenario_036,1,0,5,reshare,0.28,0.30710840327188477,2
2063,scenario_036,2,8,5,reshare,0.08,0.17315788044568675,2
2064,scenario_036,1,13,5,reshare,0.38,0.29743606101760617,2
2065,scenario_036,2,14,5,reshare,0.63,0.6892540233092558,2
2066,scenario_036,1,15,5,reshare,0.46,0.3829193846253272,2
2067,scenario_036,1,18,5,reshare,0.08,0.1414142535547313,2
2068,scenario_036,2,21,5,reshare,0.62,0.40269345054380795,2
2069,scenario_036,1,22,5,reshare,0.08,0.2234173698353957,2
2070,scenario_036,2,32,5,reshare,0.12,0.17029923244736855,2
2071,scenario_036,2,33,5,reshare,0.08,0.10846344064843308,2
2072,scenario_036,1,41,5,reshare,0.52,0.35140602512783026,2
2073,scenario_036,1,42,5,reshare,0.22,0.26738249898053884,2
2074,scenario_036,1,45,5,reshare,0.34,0.4238267565188189,2
2075,scenario_036,2,4,6,reshare,0.18,0.30130527494252823,2
2076,scenario_037,1,0,1,reshare,0.05,0.0539204038921323,3
2077,scenario_037,1,1,1,reshare,0.08,0.050463240788465945,3
2078,scenario_037,1,4,1,reshare,0.12,0.07888419385763673,3
2079,scenario_037,1,7,1,reshare,0.18,0.1752480096178677,3
2080,scenario_037,1,8,1,reshare,0.06,0.14818068723690128,3
2081,scenario_037,1,12,1,reshare,0.12,0.20871674453307984,3
2082,scenario_037,1,17,1,reshare,0.05,0.07946622290110279,3
2083,scenario_037,1,19,1,reshare,0.31,0.25179440197060066,3
2084,scenario_037,1,21,1,reshare,0.18,0.11627972141797044,3
2085,scenario_037,1,28,1,reshare,0.05,0.04920654372685398,3
2086,scenario_037,1,30,1,reshare,0.12,0.12978525121172682,3
2087,scenario_037,1,33,1,reshare,0.12,0.12089560368214433,3
2088,scenario_037,1,35,1,reshare,0.12,0.10292088588192999,3
2089,scenario_037,1,43,1,reshare,0.18,0.20174987308223258,3
2090,scenario_037,1,44,1,reshare,0.12,0.06353056078656771,3
2091,scenario_037,1,45,1,reshare,0.12,0.08004292391657056,3
2092,scenario_037,1,46,1,reshare,0.18,0.13263902891963728,3
2093,scenario_037,1,49,1,reshare,0.12,0.12085856606113014,3
2094,scenario_037,1,3,2,reshare,0.22,0.11993796092817156,3
2095,scenario_037,1,9,2,reshare,0.28,0.17439092004999188,3
2096,scenario_037,1,10,2,reshare,0.08,0.05293466335062987,3
2097,scenario_037,1,14,2,reshare,0.12,0.1359293528162754,3
2098,scenario_037,1,18,2,reshare,0.41,0.24623036713987487,3
2099,scenario_037,2,21,2,reshare,0.41,0.11817045624898208,3
2100,scenario_037,1,22,2,reshare,0.08,0.08870258492862917,3
2101,scenario_037,1,24,2,reshare,0.12,0.12462042363597012,3
2102,scenario_037,1,27,2,reshare,0.22,0.12577240882700128,3
2103,scenario_037,1,31,2,reshare,0.58,0.340447491945744,3
2104,scenario_037,1,36,2,reshare,0.18,0.13230013437866656,3
2105,scenario_037,1,37,2,reshare,0.12,0.07525608135182774,3
2106,scenario_037,2,44,2,reshare,0.18,0.03655674249539838,3
2107,scenario_037,1,48,2,reshare,0.18,0.19656830552854992,3
2108,scenario_037,2,49,2,reshare,0.18,0.12695479982377159,3
2109,scenario_037,2,7,3,reshare,0.48,0.21171781898791453,3
2110,scenario_037,2,8,3,reshare,0.41,0.20351646367005663,3
2111,scenario_037,2,14,3,reshare,0.12,0.15943786048160014,3
2112,scenario_037,1,15,3,reshare,0.18,0.13240845151650102,3
2113,scenario_037,2,33,3,reshare,0.12,0.12437866680505907,3
2114,scenario_037,1,39,3,reshare,0.34,0.4480529814544272,3
2115,scenario_037,2,10,4,reshare,0.08,0.05534663161442193,3
2116,scenario_037,2,15,4,reshare,0.18,0.15002904539072734,3
2117,scenario_037,2,17,4,reshare,0.08,0.08519182231826707,3
2118,scenario_037,2,31,4,reshare,0.58,0.4291749520895158,3
2119,scenario_037,1,32,4,reshare,0.22,0.10983244308846843,3
2120,scenario_037,2,18,5,reshare,0.08,0.15126775291506372,3
2121,scenario_037,1,29,5,reshare,0.18,0.11946744845342369,3
2122,scenario_037,2,39,5,reshare,0.12,0.32035716295884964,3
2123,scenario_037,2,46,5,reshare,0.18,0.08413149380821304,3
2124,scenario_038,1,9,1,reshare,0.28,0.26106879475721995,0
2125,scenario_038,1,11,1,reshare,0.18,0.1761979823602119,0
2126,scenario_038,1,13,1,reshare,0.52,0.41211017968091324,0
2127,scenario_038,1,17,1,reshare,0.52,0.2753014602224347,0
2128,scenario_038,1,18,1,reshare,0.41,0.3526829481580394,0
2129,scenario_038,1,19,1,reshare,0.08,0.18114087408652432,0
2130,scenario_038,1,21,1,reshare,0.28,0.1815508111201664,0
2131,scenario_038,1,24,1,reshare,0.18,0.13946184162257377,0
2132,scenario_038,1,32,1,reshare,0.52,0.34644415662589384,0
2133,scenario_038,1,33,1,reshare,0.58,0.3755452564133844,0
2134,scenario_038,1,34,1,reshare,0.31,0.34471357516779677,0
2135,scenario_038,1,38,1,reshare,0.46,0.3045088493687049,0
2136,scenario_038,1,41,1,reshare,0.42,0.2120232279691901,0
2137,scenario_038,1,45,1,reshare,0.72,0.5825936902408411,0
2138,scenario_038,1,47,1,reshare,0.41,0.27911975189602495,0
2139,scenario_038,1,49,1,reshare,0.28,0.1919934322213652,0
2140,scenario_038,1,1,2,reshare,0.58,0.49206283172478427,0
2141,scenario_038,1,3,2,reshare,0.18,0.2226231088755299,0
2142,scenario_038,1,10,2,reshare,0.05,0.13908651750810327,0
2143,scenario_038,2,18,2,reshare,0.52,0.45157520338613877,0
2144,scenario_038,2,19,2,reshare,0.18,0.20461674605731117,0
2145,scenario_038,1,20,2,reshare,0.52,0.3829759776640846,0
2146,scenario_038,1,22,2,reshare,0.34,0.2875927918584942,0
2147,scenario_038,1,25,2,reshare,0.12,0.16836863327109908,0
2148,scenario_038,1,29,2,reshare,0.28,0.20785668403853622,0
2149,scenario_038,1,42,2,reshare,0.22,0.20059176106769724,0
2150,scenario_038,1,46,2,reshare,0.05,0.10691706251264695,0
2151,scenario_038,2,49,2,reshare,0.18,0.22177541222997693,0
2152,scenario_038,1,2,3,reshare,0.18,0.10843389523262999,0
2153,scenario_038,1,5,3,reshare,0.08,0.06264905545892617,0
2154,scenario_038,2,9,3,reshare,0.18,0.19626887391289852,0
2155,scenario_038,2,10,3,reshare,0.08,0.07298390103796643,0
2156,scenario_038,2,13,3,reshare,0.41,0.29292036945541244,0
2157,scenario_038,1,15,3,reshare,0.42,0.23909962930499748,0
2158,scenario_038,2,17,3,reshare,0.22,0.17610363014259525,0
2159,scenario_038,2,20,3,reshare,0.46,0.39366496090889086,0
2160,scenario_038,2,21,3,reshare,0.18,0.20085050734969584,0
2161,scenario_038,2,22,3,reshare,0.28,0.2100805782517763,0
2162,scenario_038,1,26,3,reshare,0.08,0.12488320219710182,0
2163,scenario_038,1,28,3,reshare,0.18,0.07357450154867086,0
2164,scenario_038,2,29,3,reshare,0.12,0.12417707908419745,0
2165,scenario_038,1,30,3,reshare,0.41,0.42219780688341985,0
2166,scenario_038,1,31,3,reshare,0.12,0.09996759800646068,0
2167,scenario_038,2,32,3,reshare,0.18,0.2282809493181847,0
2168,scenario_038,2,34,3,reshare,0.28,0.34435796704343397,0
2169,scenario_038,2,38,3,reshare,0.28,0.2634909866654991,0
2170,scenario_038,2,41,3,reshare,0.28,0.2140716529944217,0
2171,scenario_038,1,43,3,reshare,0.12,0.14028389743030847,0
2172,scenario_038,2,45,3,reshare,0.28,0.4606272414835413,0
2173,scenario_038,2,46,3,reshare,0.08,0.06835342507195255,0
2174,scenario_038,2,47,3,reshare,0.18,0.1650607473616855,0
2175,scenario_038,2,1,4,reshare,0.58,0.47160345133110215,0
2176,scenario_038,2,3,4,reshare,0.28,0.17920299113385216,0
2177,scenario_038,1,14,4,reshare,0.12,0.17834421267696804,0
2178,scenario_038,2,15,4,reshare,0.18,0.15961747941415882,0
2179,scenario_038,1,16,4,reshare,0.41,0.3072328460136057,0
2180,scenario_038,2,30,4,reshare,0.66,0.5062479108995412,0
2181,scenario_038,2,33,4,reshare,0.48,0.43009631497139783,0
2182,scenario_038,1,36,4,reshare,0.18,0.3951530253033609,0
2183,scenario_038,1,37,4,reshare,0.08,0.08010483177774343,0
2184,scenario_038,2,43,4,reshare,0.08,0.14263099279959063,0
2185,scenario_038,2,5,5,reshare,0.12,0.06229688526602422,0
2186,scenario_038,2,11,5,reshare,0.08,0.20209087765206823,0
2187,scenario_038,2,14,5,reshare,0.18,0.22332220451268428,0
2188,scenario_038,2,24,5,reshare,0.18,0.1571784716426322,0
2189,scenario_038,1,27,5,reshare,0.18,0.24970989278063038,0
2190,scenario_038,2,37,5,reshare,0.18,0.0978384797170125,0
2191,scenario_038,2,16,6,reshare,0.46,0.3755954116292668,0
2192,scenario_039,1,7,1,reshare,0.05,0.04955848085807497,2
2193,scenario_039,1,10,1,reshare,0.28,0.27066888482544327,2
2194,scenario_039,1,15,1,reshare,0.05,0.10479054880685996,2
2195,scenario_039,1,17,1,reshare,0.12,0.13022312447386258,2
2196,scenario_039,1,19,1,reshare,0.48,0.28863660765490196,2
2197,scenario_039,1,22,1,reshare,0.12,0.16974816961223863,2
2198,scenario_039,1,23,1,reshare,0.08,0.11528835197713953,2
2199,scenario_039,1,25,1,reshare,0.03,0.03166124875799024,2
2200,scenario_039,1,26,1,reshare,0.08,0.08996509145457826,2
2201,scenario_039,1,29,1,reshare,0.18,0.21263876875400636,2
2202,scenario_039,1,32,1,reshare,0.18,0.20865137205619946,2
2203,scenario_039,1,40,1,reshare,0.03,0.03263504837513096,2
2204,scenario_039,1,42,1,reshare,0.12,0.12328624347740944,2
2205,scenario_039,1,45,1,reshare,0.58,0.3321687021395695,2
2206,scenario_039,1,49,1,reshare,0.18,0.2033380363669242,2
2207,scenario_039,1,1,2,reshare,0.41,0.3694400974061383,2
2208,scenario_039,1,12,2,reshare,0.12,0.139391507573573,2
2209,scenario_039,1,13,2,reshare,0.08,0.07207317604233794,2
2210,scenario_039,2,23,2,reshare,0.08,0.14940970865098732,2
2211,scenario_039,1,24,2,reshare,0.12,0.21640387822791884,2
2212,scenario_039,2,25,2,reshare,0.02,0.01614502387217721,2
2213,scenario_039,1,31,2,reshare,0.12,0.1954775364137721,2
2214,scenario_039,1,38,2,reshare,0.28,0.23882438183263272,2
2215,scenario_039,1,44,2,reshare,0.03,0.05278017697665827,2
2216,scenario_039,2,17,3,reshare,0.08,0.07630026832648895,2
2217,scenario_039,2,19,3,reshare,0.18,0.1917359555098524,2
2218,scenario_039,1,21,3,reshare,0.08,0.06935492261307737,2
2219,scenario_039,1,35,3,reshare,0.08,0.13904878269276758,2
2220,scenario_039,2,45,3,reshare,0.18,0.22699987482372266,2
2221,scenario_040,1,2,1,reshare,0.41,0.5079035221767796,0
2222,scenario_040,1,4,1,reshare,0.08,0.14464802019956743,0
2223,scenario_040,1,13,1,reshare,0.18,0.25025882193139554,0
2224,scenario_040,1,14,1,reshare,0.06,0.19238196637562494,0
2225,scenario_040,1,18,1,reshare,0.05,0.37019347883806336,0
2226,scenario_040,1,21,1,reshare,0.08,0.2977377475657154,0
2227,scenario_040,1,25,1,reshare,0.46,0.45449887049167403,0
2228,scenario_040,1,27,1,reshare,0.08,0.18851672834154126,0
2229,scenario_040,1,28,1,reshare,0.05,0.1111387563771854,0
2230,scenario_040,1,33,1,reshare,0.08,0.13450990499105062,0
2231,scenario_040,1,37,1,reshare,0.41,0.37094297852217034,0
2232,scenario_040,1,48,1,reshare,0.08,0.3225727306156735,0
2233,scenario_040,1,1,2,reshare,0.08,0.2079051257929821,0
2234,scenario_040,2,2,2,reshare,0.46,0.5746668818059466,0
2235,scenario_040,1,8,2,reshare,0.12,0.2527703411416651,0
2236,scenario_040,1,11,2,reshare,0.46,0.3207937879974762,0
2237,scenario_040,1,12,2,reshare,0.08,0.23386275561177183,0
2238,scenario_040,1,39,2,reshare,0.18,0.13120275718631497,0
2239,scenario_040,1,45,2,reshare,0.41,0.22525659793800795,0
2240,scenario_040,2,8,3,reshare,0.18,0.2970376335412522,0
2241,scenario_040,2,11,3,reshare,0.46,0.3691469728003732,0
2242,scenario_040,2,27,3,reshare,0.42,0.24066938082452774,0
2243,scenario_040,1,30,3,reshare,0.08,0.16898830237918058,0
2244,scenario_040,1,47,3,reshare,0.28,0.33426784410476623,0
2245,scenario_040,1,0,4,reshare,0.18,0.21070464406260422,0
2246,scenario_040,1,15,4,reshare,0.58,0.5181065398662168,0
2247,scenario_040,1,32,4,reshare,0.58,0.49036544755438516,0
2248,scenario_040,1,36,4,reshare,0.41,0.39613605640865907,0
2249,scenario_040,1,42,4,reshare,0.18,0.22154529883110613,0
2250,scenario_040,2,1,5,reshare,0.41,0.23277907020586203,0
2251,scenario_040,1,5,5,reshare,0.58,0.4373839233550601,0
2252,scenario_040,2,15,5,reshare,0.62,0.5713830737121889,0
2253,scenario_040,2,18,5,reshare,0.78,0.5643748154806869,0
2254,scenario_040,2,30,5,reshare,0.18,0.21418265723441937,0
2255,scenario_040,1,35,5,reshare,0.22,0.3047530392405877,0
2256,scenario_040,2,47,5,reshare,0.34,0.4416574691245169,0
2257,scenario_040,2,0,6,reshare,0.28,0.2276386581682849,0
2258,scenario_040,1,3,6,reshare,0.46,0.4789690357892584,0
2259,scenario_040,2,5,6,reshare,0.18,0.31041819452151775,0
2260,scenario_040,1,10,6,reshare,0.18,0.2774346507240994,0
2261,scenario_040,2,13,6,reshare,0.52,0.3559875715468836,0
2262,scenario_040,1,16,6,reshare,0.18,0.16812331031039063,0
2263,scenario_040,1,17,6,reshare,0.18,0.382964245350796,0
2264,scenario_040,1,19,6,reshare,0.41,0.3942072074565802,0
2265,scenario_040,1,22,6,reshare,0.58,0.2803805636286644,0
2266,scenario_040,1,23,6,reshare,0.42,0.45250412367666415,0
2267,scenario_040,2,28,6,reshare,0.34,0.11704617203236108,0
2268,scenario_040,1,29,6,reshare,0.41,0.46938860352437956,0
2269,scenario_040,2,32,6,reshare,0.62,0.6065950583132363,0
2270,scenario_040,2,36,6,reshare,0.05,0.2367490529834766,0
2271,scenario_040,2,37,6,reshare,0.08,0.2686108700181367,0
2272,scenario_040,1,38,6,reshare,0.58,0.425734610307357,0
2273,scenario_040,2,42,6,reshare,0.03,0.14038557542912672,0
2274,scenario_040,1,44,6,reshare,0.08,0.22157796372207,0
2275,scenario_040,2,45,6,reshare,0.41,0.22354793090108824,0
2276,scenario_040,2,4,7,reshare,0.18,0.13950916490598017,0
2277,scenario_040,1,7,7,reshare,0.12,0.1701882194411785,0
2278,scenario_040,2,17,7,reshare,0.66,0.44143928387926,0
2279,scenario_040,2,22,7,reshare,0.58,0.3567200257586462,0
2280,scenario_040,1,24,7,reshare,0.28,0.2742314783974571,0
2281,scenario_040,2,35,7,reshare,0.34,0.3709601632140203,0
2282,scenario_040,2,39,7,reshare,0.18,0.14523831064423642,0
2283,scenario_040,1,40,7,reshare,0.41,0.509335586973042,0
2284,scenario_040,1,41,7,reshare,0.58,0.5636844262372688,0
2285,scenario_041,1,0,1,reshare,0.18,0.2890512259149378,4
2286,scenario_041,1,13,1,reshare,0.45,0.16505744427759722,4
2287,scenario_041,1,14,1,reshare,0.28,0.2086770029897457,4
2288,scenario_041,1,18,1,reshare,0.18,0.2311918885818365,4
2289,scenario_041,1,19,1,reshare,0.22,0.16036040255951123,4
2290,scenario_041,1,23,1,reshare,0.18,0.12659353367246223,4
2291,scenario_041,1,29,1,reshare,0.18,0.17306702355131828,4
2292,scenario_041,1,30,1,reshare,0.05,0.08518083573390774,4
2293,scenario_041,1,37,1,reshare,0.12,0.13054215890654855,4
2294,scenario_041,1,44,1,reshare,0.31,0.3579695015311899,4
2295,scenario_041,1,46,1,reshare,0.12,0.24660682075926643,4
2296,scenario_042,1,1,1,reshare,0.12,0.07701129876828257,1
2297,scenario_042,1,2,1,reshare,0.22,0.18846570365823093,1
2298,scenario_042,1,21,1,reshare,0.18,0.167563882992567,1
2299,scenario_042,1,29,1,reshare,0.12,0.10556750402183765,1
2300,scenario_042,1,30,1,reshare,0.58,0.2341456215154594,1
2301,scenario_042,1,32,1,reshare,0.12,0.0919203223330862,1
2302,scenario_042,1,34,1,reshare,0.41,0.23574424981055286,1
2303,scenario_042,1,35,1,reshare,0.2,0.18243344219250782,1
2304,scenario_042,1,38,1,reshare,0.28,0.258733768910583,1
2305,scenario_042,1,39,1,reshare,0.58,0.39425669573106714,1
2306,scenario_042,1,40,1,reshare,0.12,0.2039121631071596,1
2307,scenario_042,1,44,1,reshare,0.08,0.17315265174789918,1
2308,scenario_042,1,47,1,reshare,0.12,0.10297448925082703,1
2309,scenario_042,1,3,2,reshare,0.18,0.18887474977190832,1
2310,scenario_042,1,19,2,reshare,0.28,0.27063015301814747,1
2311,scenario_042,1,24,2,reshare,0.28,0.37137578790992704,1
2312,scenario_042,2,29,2,reshare,0.18,0.13437125729845464,1
2313,scenario_042,2,44,2,reshare,0.28,0.22428210551612823,1
2314,scenario_042,1,22,3,reshare,0.12,0.14286496436897325,1
2315,scenario_042,2,32,3,reshare,0.28,0.10695645539536518,1
2316,scenario_042,2,34,3,reshare,0.18,0.2400306728393938,1
2317,scenario_042,1,42,3,reshare,0.18,0.16454098833309597,1
2318,scenario_043,1,0,1,reshare,0.18,0.11447294348947865,0
2319,scenario_043,1,5,1,reshare,0.18,0.2175258974300797,0
2320,scenario_043,1,7,1,reshare,0.48,0.31572677806111327,0
2321,scenario_043,1,8,1,reshare,0.28,0.160771201140177,0
2322,scenario_043,1,13,1,reshare,0.18,0.14521733655955896,0
2323,scenario_043,1,17,1,reshare,0.18,0.24196093907608412,0
2324,scenario_043,1,22,1,reshare,0.41,0.27379321398911666,0
2325,scenario_043,1,23,1,reshare,0.18,0.18870324849581316,0
2326,scenario_043,1,24,1,reshare,0.41,0.43566026536993213,0
2327,scenario_043,1,30,1,reshare,0.18,0.1451620699771053,0
2328,scenario_043,1,35,1,reshare,0.28,0.39075057320974077,0
2329,scenario_043,1,38,1,reshare,0.41,0.2678348611408528,0
2330,scenario_043,1,41,1,reshare,0.28,0.23678388412072776,0
2331,scenario_043,1,3,2,reshare,0.18,0.19840286926436038,0
2332,scenario_043,1,10,2,reshare,0.18,0.2058402765044724,0
2333,scenario_043,1,11,2,reshare,0.18,0.1575056900203753,0
2334,scenario_043,1,12,2,reshare,0.08,0.11894911889405292,0
2335,scenario_043,1,16,2,reshare,0.18,0.20890730690328013,0
2336,scenario_043,1,29,2,reshare,0.12,0.19928676755201197,0
2337,scenario_043,2,30,2,reshare,0.18,0.1869028185657729,0
2338,scenario_043,1,33,2,reshare,0.18,0.2544004359965898,0
2339,scenario_043,1,36,2,reshare,0.12,0.1098136394814667,0
2340,scenario_043,2,38,2,reshare,0.28,0.32568482602597926,0
2341,scenario_043,1,39,2,reshare,0.08,0.0914537385171726,0
2342,scenario_043,1,40,2,reshare,0.41,0.21643864711284755,0
2343,scenario_043,1,46,2,reshare,0.31,0.2730433371884039,0
2344,scenario_043,2,0,3,reshare,0.18,0.18796014880385678,0
2345,scenario_043,1,1,3,reshare,0.18,0.18052295544559796,0
2346,scenario_043,2,7,3,reshare,0.41,0.35821242053496344,0
2347,scenario_043,2,10,3,reshare,0.18,0.2043010388212707,0
2348,scenario_043,2,12,3,reshare,0.08,0.13619377444300992,0
2349,scenario_043,2,13,3,reshare,0.42,0.24367167111641413,0
2350,scenario_043,1,15,3,reshare,0.38,0.3615926238867191,0
2351,scenario_043,2,23,3,reshare,0.22,0.21151932164192538,0
2352,scenario_043,1,27,3,reshare,0.08,0.1277856529705531,0
2353,scenario_043,2,29,3,reshare,0.05,0.20045637440592956,0
2354,scenario_043,2,35,3,reshare,0.18,0.39242692133612,0
2355,scenario_043,1,37,3,reshare,0.41,0.21291902802273485,0
2356,scenario_043,2,41,3,reshare,0.18,0.24948466580689715,0
2357,scenario_043,1,42,3,reshare,0.18,0.20070530306430903,0
2358,scenario_043,2,46,3,reshare,0.28,0.3257878926229806,0
2359,scenario_043,1,2,4,reshare,0.18,0.31683053656428706,0
2360,scenario_043,1,4,4,reshare,0.08,0.10334997797115607,0
2361,scenario_043,1,9,4,reshare,0.08,0.09168655630491855,0
2362,scenario_043,2,11,4,reshare,0.03,0.1152251590551051,0
2363,scenario_043,2,15,4,reshare,0.18,0.41260936021127387,0
2364,scenario_043,2,16,4,reshare,0.41,0.28029394534287017,0
2365,scenario_043,2,22,4,reshare,0.18,0.2731944311154063,0
2366,scenario_043,1,32,4,reshare,0.18,0.37189173737429565,0
2367,scenario_043,2,33,4,reshare,0.12,0.2627152397193357,0
2368,scenario_043,1,45,4,reshare,0.28,0.21538540772537956,0
2369,scenario_043,1,49,4,reshare,0.12,0.09354675837099169,0
2370,scenario_043,2,1,5,reshare,0.12,0.13127293892621197,0
2371,scenario_043,2,9,5,reshare,0.05,0.051692174600394485,0
2372,scenario_043,1,18,5,reshare,0.08,0.06444872726202384,0
2373,scenario_043,1,28,5,reshare,0.18,0.14521543495402053,0
2374,scenario_043,2,42,5,reshare,0.12,0.1901443334456813,0
2375,scenario_043,1,31,6,reshare,0.18,0.19611104449680364,0
2376,scenario_043,1,34,6,reshare,0.12,0.1999765544238812,0
2377,scenario_043,2,45,6,reshare,0.18,0.2435054703731202,0
2378,scenario_043,1,47,6,reshare,0.28,0.2644813912978949,0
2379,scenario_043,2,3,7,reshare,0.41,0.2710518097156128,0
2380,scenario_043,2,5,7,reshare,0.18,0.29604144133962573,0
2381,scenario_043,2,18,7,reshare,0.28,0.09240012079070317,0
2382,scenario_043,2,36,7,reshare,0.12,0.139068286124404,0
2383,scenario_044,1,3,1,reshare,0.22,0.2549568589152167,1
2384,scenario_044,1,6,1,reshare,0.46,0.30242242398088137,1
2385,scenario_044,1,11,1,reshare,0.28,0.17902760930562722,1
2386,scenario_044,1,13,1,reshare,0.46,0.3281689438573213,1
2387,scenario_044,1,17,1,reshare,0.46,0.3403919029705853,1
2388,scenario_044,1,19,1,reshare,0.58,0.40996161756716176,1
2389,scenario_044,1,28,1,reshare,0.58,0.3763410880048963,1
2390,scenario_044,1,36,1,reshare,0.62,0.42796210757282244,1
2391,scenario_044,1,39,1,reshare,0.58,0.5328077516637366,1
2392,scenario_044,1,47,1,reshare,0.52,0.20627143426904956,1
2393,scenario_044,1,49,1,reshare,0.41,0.2425837293300299,1
2394,scenario_044,1,0,2,reshare,0.58,0.393695385657615,1
2395,scenario_044,1,1,2,reshare,0.28,0.24278133413104888,1
2396,scenario_044,1,2,2,reshare,0.08,0.13148974492630797,1
2397,scenario_044,1,4,2,reshare,0.18,0.15042143045186446,1
2398,scenario_044,1,8,2,reshare,0.22,0.27169715688489754,1
2399,scenario_044,1,10,2,reshare,0.58,0.34827391485732695,1
2400,scenario_044,1,21,2,reshare,0.46,0.19946498996184234,1
2401,scenario_044,1,24,2,reshare,0.03,0.04995549157073338,1
2402,scenario_044,2,28,2,reshare,0.41,0.43723734542250037,1
2403,scenario_044,1,29,2,reshare,0.46,0.3241247472892703,1
2404,scenario_044,1,30,2,reshare,0.62,0.428130125284664,1
2405,scenario_044,1,33,2,reshare,0.46,0.32122702211034887,1
2406,scenario_044,1,35,2,reshare,0.46,0.2710914395777477,1
2407,scenario_044,1,37,2,reshare,0.08,0.20646691753562382,1
2408,scenario_044,2,39,2,reshare,0.62,0.5976175289421847,1
2409,scenario_044,1,41,2,reshare,0.46,0.31120458297140396,1
2410,scenario_044,1,46,2,reshare,0.08,0.10136690040592466,1
2411,scenario_044,1,48,2,reshare,0.42,0.2594119658806152,1
2412,scenario_044,2,49,2,reshare,0.46,0.3786576316786811,1
2413,scenario_044,2,0,3,reshare,0.74,0.551868262165544,1
2414,scenario_044,2,1,3,reshare,0.18,0.2759877379724249,1
2415,scenario_044,2,2,3,reshare,0.18,0.168115430963724,1
2416,scenario_044,2,4,3,reshare,0.18,0.1920452661657905,1
2417,scenario_044,1,5,3,reshare,0.41,0.2963700913896291,1
2418,scenario_044,2,8,3,reshare,0.12,0.32325089569394755,1
2419,scenario_044,1,9,3,reshare,0.18,0.19266010914618711,1
2420,scenario_044,2,11,3,reshare,0.18,0.42159243740876107,1
2421,scenario_044,2,13,3,reshare,0.12,0.2022752896781535,1
2422,scenario_044,1,14,3,reshare,0.18,0.1476720808535302,1
2423,scenario_044,1,15,3,reshare,0.58,0.3497014442538031,1
2424,scenario_044,1,16,3,reshare,0.18,0.30590679431004403,1
2425,scenario_044,2,17,3,reshare,0.28,0.25988591986172405,1
2426,scenario_044,1,18,3,reshare,0.18,0.12214322771871428,1
2427,scenario_044,1,20,3,reshare,0.58,0.29194713816382495,1
2428,scenario_044,2,21,3,reshare,0.42,0.23436119013217252,1
2429,scenario_044,1,22,3,reshare,0.34,0.39499412883144375,1
2430,scenario_044,1,23,3,reshare,0.18,0.1631234206145771,1
2431,scenario_044,1,26,3,reshare,0.34,0.24275383095152414,1
2432,scenario_044,2,29,3,reshare,0.42,0.37067683714622013,1
2433,scenario_044,2,30,3,reshare,0.68,0.4888748815077974,1
2434,scenario_044,1,32,3,reshare,0.08,0.10349954470478888,1
2435,scenario_044,2,33,3,reshare,0.58,0.36196425631798657,1
2436,scenario_044,1,34,3,reshare,0.46,0.2171187254521054,1
2437,scenario_044,2,35,3,reshare,0.46,0.22106772154824933,1
2438,scenario_044,2,36,3,reshare,0.38,0.47917543044212924,1
2439,scenario_044,1,38,3,reshare,0.34,0.1835118029190661,1
2440,scenario_044,2,41,3,reshare,0.74,0.4631368454644552,1
2441,scenario_044,1,43,3,reshare,0.08,0.11569937287261665,1
2442,scenario_044,1,44,3,reshare,0.41,0.32131689810487196,1
2443,scenario_044,1,45,3,reshare,0.08,0.10639389446563619,1
2444,scenario_044,2,46,3,reshare,0.08,0.060626894374207936,1
2445,scenario_044,2,6,4,reshare,0.58,0.38648795125790064,1
2446,scenario_044,2,15,4,reshare,0.46,0.45295675812369623,1
2447,scenario_044,2,20,4,reshare,0.28,0.3278519054193444,1
2448,scenario_044,2,22,4,reshare,0.46,0.4454661892543336,1
2449,scenario_044,2,23,4,reshare,0.12,0.1720007434229959,1
2450,scenario_044,2,24,4,reshare,0.08,0.05861723930745191,1
2451,scenario_044,1,25,4,reshare,0.28,0.3779841604749626,1
2452,scenario_044,1,27,4,reshare,0.46,0.40266231436131855,1
2453,scenario_044,2,32,4,reshare,0.08,0.10930873464825744,1
2454,scenario_044,2,38,4,reshare,0.28,0.2219120950440811,1
2455,scenario_044,2,43,4,reshare,0.18,0.13305230859539233,1
2456,scenario_044,2,47,4,reshare,0.28,0.24401444094746189,1
2457,scenario_044,2,5,5,reshare,0.41,0.42901834879803574,1
2458,scenario_044,2,14,5,reshare,0.18,0.17310234869636823,1
2459,scenario_044,2,16,5,reshare,0.22,0.343243974148273,1
2460,scenario_044,2,18,5,reshare,0.18,0.14593113500876076,1
2461,scenario_044,2,37,5,reshare,0.46,0.28845290509330196,1
2462,scenario_044,2,3,6,reshare,0.18,0.2881433950424066,1
2463,scenario_044,2,27,6,reshare,0.38,0.46917891802211004,1
2464,scenario_044,2,45,6,reshare,0.08,0.15573768250516581,1
2465,scenario_045,1,4,1,reshare,0.18,0.161496949068481,1
2466,scenario_045,1,9,1,reshare,0.62,0.34154706843656063,1
2467,scenario_045,1,10,1,reshare,0.68,0.4498825129117041,1
2468,scenario_045,1,11,1,reshare,0.18,0.19959525977359716,1
2469,scenario_045,1,12,1,reshare,0.63,0.5174730524167882,1
2470,scenario_045,1,15,1,reshare,0.18,0.22580183917183266,1
2471,scenario_045,1,18,1,reshare,0.46,0.3560077969348186,1
2472,scenario_045,1,25,1,reshare,0.58,0.4278012669431394,1
2473,scenario_045,1,29,1,reshare,0.41,0.18558098568070552,1
2474,scenario_045,1,34,1,reshare,0.62,0.4673037272425434,1
2475,scenario_045,1,36,1,reshare,0.52,0.3562500113423263,1
2476,scenario_045,1,37,1,reshare,0.74,0.4864101990106782,1
2477,scenario_045,1,38,1,reshare,0.18,0.21715113631725683,1
2478,scenario_045,1,39,1,reshare,0.46,0.3831607412004882,1
2479,scenario_045,1,42,1,reshare,0.18,0.21100286846775101,1
2480,scenario_045,1,3,2,reshare,0.74,0.45031841627484726,1
2481,scenario_045,2,4,2,reshare,0.42,0.29151853503847014,1
2482,scenario_045,1,6,2,reshare,0.74,0.54984230423705,1
2483,scenario_045,1,7,2,reshare,0.22,0.22233332948520226,1
2484,scenario_045,2,10,2,reshare,0.62,0.5135546024039277,1
2485,scenario_045,2,15,2,reshare,0.18,0.2902189698000018,1
2486,scenario_045,1,16,2,reshare,0.62,0.3060788055268858,1
2487,scenario_045,1,17,2,reshare,0.62,0.37958061043114966,1
2488,scenario_045,2,18,2,reshare,0.22,0.47492010669857776,1
2489,scenario_045,1,21,2,reshare,0.42,0.20017413714391868,1
2490,scenario_045,1,24,2,reshare,0.18,0.19575114079438916,1
2491,scenario_045,1,26,2,reshare,0.42,0.27036011032898394,1
2492,scenario_045,1,27,2,reshare,0.22,0.2420586588522685,1
2493,scenario_045,2,29,2,reshare,0.34,0.22346662618931956,1
2494,scenario_045,1,33,2,reshare,0.62,0.542267437835225,1
2495,scenario_045,1,35,2,reshare,0.58,0.39249575442160356,1
2496,scenario_045,2,36,2,reshare,0.46,0.43792602566220024,1
2497,scenario_045,2,39,2,reshare,0.46,0.5183509720525104,1
2498,scenario_045,1,43,2,reshare,0.46,0.41858964811901966,1
2499,scenario_045,1,44,2,reshare,0.78,0.537233176340528,1
2500,scenario_045,1,45,2,reshare,0.68,0.45008322558457137,1
2501,scenario_045,1,46,2,reshare,0.22,0.281160932492399,1
2502,scenario_045,1,2,3,reshare,0.72,0.407714959875455,1
2503,scenario_045,2,6,3,reshare,0.46,0.5644156976780591,1
2504,scenario_045,2,9,3,reshare,0.72,0.4661505704436599,1
2505,scenario_045,2,11,3,reshare,0.08,0.22957987215279926,1
2506,scenario_045,1,13,3,reshare,0.81,0.5653347051140171,1
2507,scenario_045,1,14,3,reshare,0.18,0.1850373758627758,1
2508,scenario_045,2,16,3,reshare,0.62,0.4167683228174445,1
2509,scenario_045,1,20,3,reshare,0.46,0.3060621971477325,1
2510,scenario_045,1,22,3,reshare,0.58,0.30304398981170955,1
2511,scenario_045,2,25,3,reshare,0.28,0.47512996437703586,1
2512,scenario_045,2,26,3,reshare,0.41,0.321055936990265,1
2513,scenario_045,2,27,3,reshare,0.18,0.32382703728566364,1
2514,scenario_045,1,28,3,reshare,0.22,0.4405553301139224,1
2515,scenario_045,1,30,3,reshare,0.88,0.6018376638877846,1
2516,scenario_045,1,32,3,reshare,0.18,0.30384399421631875,1
2517,scenario_045,2,34,3,reshare,0.72,0.6754217114334613,1
2518,scenario_045,2,35,3,reshare,0.62,0.4447397406397204,1
2519,scenario_045,2,37,3,reshare,0.72,0.5630130717031684,1
2520,scenario_045,1,41,3,reshare,0.46,0.2915254000576655,1
2521,scenario_045,2,42,3,reshare,0.08,0.245921630158021,1
2522,scenario_045,2,43,3,reshare,0.34,0.5153238865601552,1
2523,scenario_045,2,44,3,reshare,0.78,0.650600968557836,1
2524,scenario_045,2,45,3,reshare,0.62,0.5602321439492816,1
2525,scenario_045,2,46,3,reshare,0.18,0.28670930055715405,1
2526,scenario_045,1,48,3,reshare,0.34,0.2993560800420641,1
2527,scenario_045,1,1,4,reshare,0.28,0.17183017350537141,1
2528,scenario_045,2,3,4,reshare,0.62,0.5007802732275807,1
2529,scenario_045,2,7,4,reshare,0.18,0.24254551430853138,1
2530,scenario_045,2,12,4,reshare,0.46,0.5313081330078654,1
2531,scenario_045,2,17,4,reshare,0.74,0.5324357336028139,1
2532,scenario_045,1,19,4,reshare,0.18,0.15039381651171144,1
2533,scenario_045,2,21,4,reshare,0.42,0.40244562539993056,1
2534,scenario_045,2,22,4,reshare,0.72,0.42320694865042946,1
2535,scenario_045,1,23,4,reshare,0.18,0.15629050465141434,1
2536,scenario_045,1,31,4,reshare,0.74,0.42480240611364123,1
2537,scenario_045,2,32,4,reshare,0.18,0.3994081338366598,1
2538,scenario_045,2,33,4,reshare,0.62,0.5645386945927654,1
2539,scenario_045,2,41,4,reshare,0.41,0.2971646484005688,1
2540,scenario_045,2,2,5,reshare,0.62,0.48058311317633673,1
2541,scenario_045,2,30,5,reshare,0.05,0.4460140142106002,1
2542,scenario_045,1,40,5,reshare,0.28,0.3566846199895491,1
2543,scenario_045,2,48,5,reshare,0.34,0.3488034744184854,1
2544,scenario_046,1,0,1,reshare,0.05,0.14036428138014587,0
2545,scenario_046,1,6,1,reshare,0.28,0.3514617459618105,0
2546,scenario_046,1,7,1,reshare,0.08,0.17452539996696373,0
2547,scenario_046,1,14,1,reshare,0.08,0.33105793861577265,0
2548,scenario_046,1,17,1,reshare,0.08,0.2122266515474642,0
2549,scenario_046,1,19,1,reshare,0.08,0.192346650623863,0
2550,scenario_046,1,25,1,reshare,0.12,0.14793457179958103,0
2551,scenario_046,1,26,1,reshare,0.18,0.39130520236121513,0
2552,scenario_046,1,27,1,reshare,0.12,0.17940338237055523,0
2553,scenario_046,1,28,1,reshare,0.08,0.22781373239509217,0
2554,scenario_046,1,34,1,reshare,0.18,0.3883876995884605,0
2555,scenario_046,1,37,1,reshare,0.05,0.13992275509566163,0
2556,scenario_046,1,39,1,reshare,0.08,0.3051203512633147,0
2557,scenario_046,1,41,1,reshare,0.08,0.17445101002960972,0
2558,scenario_046,1,42,1,reshare,0.28,0.27081044792269526,0
2559,scenario_046,1,44,1,reshare,0.08,0.16755863777667554,0
2560,scenario_046,1,48,1,reshare,0.08,0.16373505714783568,0
2561,scenario_046,2,0,2,reshare,0.05,0.10359054441853988,0
2562,scenario_046,1,8,2,reshare,0.08,0.18937495618565514,0
2563,scenario_046,1,9,2,reshare,0.22,0.23532641140890917,0
2564,scenario_046,1,15,2,reshare,0.05,0.18520491381591395,0
2565,scenario_046,2,17,2,reshare,0.18,0.2512787076173154,0
2566,scenario_046,1,23,2,reshare,0.18,0.4196681433487801,0
2567,scenario_046,2,26,2,reshare,0.41,0.49356415122977404,0
2568,scenario_046,1,36,2,reshare,0.18,0.3015318581310656,0
2569,scenario_046,1,43,2,reshare,0.05,0.05745030317174199,0
2570,scenario_046,1,47,2,reshare,0.05,0.2473198340554475,0
2571,scenario_046,1,49,2,reshare,0.08,0.19182463904543906,0
2572,scenario_046,1,2,3,reshare,0.18,0.2744954906774128,0
2573,scenario_046,1,5,3,reshare,0.25,0.4907642600742966,0
2574,scenario_046,2,6,3,reshare,0.12,0.4093574478737191,0
2575,scenario_046,2,8,3,reshare,0.28,0.23859862775611615,0
2576,scenario_046,1,10,3,reshare,0.08,0.18085492772666903,0
2577,scenario_046,2,14,3,reshare,0.62,0.47882312182274256,0
2578,scenario_046,2,25,3,reshare,0.12,0.15307513231846545,0
2579,scenario_046,2,27,3,reshare,0.18,0.1772902609268927,0
2580,scenario_046,2,28,3,reshare,0.18,0.2965739488644419,0
2581,scenario_046,2,36,3,reshare,0.28,0.2998707337082174,0
2582,scenario_046,2,42,3,reshare,0.18,0.3027243554195679,0
2583,scenario_046,1,45,3,reshare,0.18,0.30584135456323125,0
2584,scenario_046,2,49,3,reshare,0.38,0.2862263751340018,0
2585,scenario_047,1,3,1,reshare,0.28,0.24766547990523646,2
2586,scenario_047,1,5,1,reshare,0.58,0.3889507707314427,2
2587,scenario_047,1,6,1,reshare,0.38,0.33243749252782345,2
2588,scenario_047,1,7,1,reshare,0.62,0.37029489885031064,2
2589,scenario_047,1,8,1,reshare,0.18,0.16839206724860054,2
2590,scenario_047,1,9,1,reshare,0.41,0.2409865417109166,2
2591,scenario_047,1,11,1,reshare,0.18,0.24950619061893123,2
2592,scenario_047,1,14,1,reshare,0.46,0.3351979199769265,2
2593,scenario_047,1,33,1,reshare,0.35,0.21259075591973922,2
2594,scenario_047,1,36,1,reshare,0.18,0.20904641346513392,2
2595,scenario_047,1,41,1,reshare,0.18,0.22293366085161218,2
2596,scenario_047,1,49,1,reshare,0.28,0.19939240401717495,2
2597,scenario_047,2,5,2,reshare,0.66,0.4583956606212713,2
2598,scenario_047,2,8,2,reshare,0.12,0.10032364553562874,2
2599,scenario_047,2,9,2,reshare,0.08,0.13970266172669674,2
2600,scenario_047,1,15,2,reshare,0.08,0.0994399325390399,2
2601,scenario_047,1,23,2,reshare,0.46,0.21155846394889233,2
2602,scenario_047,1,25,2,reshare,0.05,0.08959397655283352,2
2603,scenario_047,1,27,2,reshare,0.03,0.1167273180133888,2
2604,scenario_047,1,28,2,reshare,0.08,0.272591170050545,2
2605,scenario_047,1,30,2,reshare,0.08,0.09529316961168321,2
2606,scenario_047,1,31,2,reshare,0.08,0.10836953626342223,2
2607,scenario_047,1,35,2,reshare,0.18,0.11580023175324287,2
2608,scenario_047,1,37,2,reshare,0.52,0.4337345701431926,2
2609,scenario_047,1,42,2,reshare,0.28,0.2838584534221823,2
2610,scenario_047,1,47,2,reshare,0.08,0.2083860148879275,2
2611,scenario_047,1,48,2,reshare,0.08,0.15400829675228658,2
2612,scenario_047,1,0,3,reshare,0.12,0.09849618954655612,2
2613,scenario_047,1,1,3,reshare,0.18,0.1388094278636417,2
2614,scenario_047,1,2,3,reshare,0.18,0.22654654992771223,2
2615,scenario_047,1,4,3,reshare,0.41,0.27012138261575386,2
2616,scenario_047,2,6,3,reshare,0.28,0.3220679320718447,2
2617,scenario_047,2,7,3,reshare,0.61,0.30186902491341144,2
2618,scenario_047,1,10,3,reshare,0.41,0.27468861284124735,2
2619,scenario_047,2,11,3,reshare,0.18,0.14757539301480266,2
2620,scenario_047,2,15,3,reshare,0.28,0.13578354620976477,2
2621,scenario_047,1,17,3,reshare,0.18,0.14159677178684563,2
2622,scenario_047,1,21,3,reshare,0.28,0.18361293289294947,2
2623,scenario_047,2,41,3,reshare,0.12,0.17030790185566008,2
2624,scenario_047,2,47,3,reshare,0.28,0.17315664004514583,2
2625,scenario_047,2,48,3,reshare,0.41,0.15459284860645317,2
2626,scenario_047,2,1,4,reshare,0.18,0.14185880583071175,2
2627,scenario_047,2,3,4,reshare,0.18,0.27756070606968625,2
2628,scenario_047,2,10,4,reshare,0.28,0.3159140401613212,2
2629,scenario_047,2,14,4,reshare,0.34,0.3322275647377247,2
2630,scenario_047,1,16,4,reshare,0.41,0.2658132572166436,2
2631,scenario_047,2,17,4,reshare,0.28,0.16960898584919157,2
2632,scenario_047,1,20,4,reshare,0.18,0.1386929792256172,2
2633,scenario_047,2,21,4,reshare,0.18,0.22189430694208961,2
2634,scenario_047,2,23,4,reshare,0.46,0.3921691968230145,2
2635,scenario_047,1,24,4,reshare,0.08,0.10538802704658715,2
2636,scenario_047,2,27,4,reshare,0.28,0.14137016595208773,2
2637,scenario_047,1,29,4,reshare,0.18,0.24193757792330933,2
2638,scenario_047,2,30,4,reshare,0.41,0.16773480661969573,2
2639,scenario_047,2,36,4,reshare,0.34,0.24828068836387487,2
2640,scenario_047,2,37,4,reshare,0.41,0.5234778967400268,2
2641,scenario_047,1,38,4,reshare,0.08,0.1138569811899362,2
2642,scenario_047,2,42,4,reshare,0.46,0.4487706773696967,2
2643,scenario_047,1,44,4,reshare,0.41,0.346210135320504,2
2644,scenario_047,2,0,5,reshare,0.28,0.11951168350822748,2
2645,scenario_047,2,2,5,reshare,0.48,0.3044996389397327,2
2646,scenario_047,2,4,5,reshare,0.72,0.3804653133807846,2
2647,scenario_047,1,19,5,reshare,0.38,0.20725066959848035,2
2648,scenario_047,2,20,5,reshare,0.18,0.15955933887819795,2
2649,scenario_047,1,22,5,reshare,0.28,0.18834026468095472,2
2650,scenario_047,2,33,5,reshare,0.46,0.23504696728946606,2
2651,scenario_047,1,46,5,reshare,0.62,0.5016426953345219,2
2652,scenario_047,2,49,5,reshare,0.28,0.22629320617073032,2
2653,scenario_047,1,18,6,reshare,0.28,0.20247462305849454,2
2654,scenario_047,2,25,6,reshare,0.12,0.09704634073491238,2
2655,scenario_047,2,44,6,reshare,0.18,0.28443608580965973,2
2656,scenario_048,1,0,1,reshare,0.08,0.20831417266277047,4
2657,scenario_048,1,1,1,reshare,0.28,0.2837633544761932,4
2658,scenario_048,1,2,1,reshare,0.41,0.26008691021779784,4
2659,scenario_048,1,3,1,reshare,0.78,0.6487687187130157,4
2660,scenario_048,1,9,1,reshare,0.58,0.24873489241813534,4
2661,scenario_048,1,12,1,reshare,0.62,0.34911804156119586,4
2662,scenario_048,1,18,1,reshare,0.42,0.19907064364763905,4
2663,scenario_048,1,21,1,reshare,0.18,0.26317363313168324,4
2664,scenario_048,1,23,1,reshare,0.72,0.35565093168218115,4
2665,scenario_048,1,25,1,reshare,0.46,0.3144896430486273,4
2666,scenario_048,1,27,1,reshare,0.74,0.539059834275374,4
2667,scenario_048,1,28,1,reshare,0.72,0.5261186822246819,4
2668,scenario_048,1,45,1,reshare,0.28,0.14250829824831368,4
2669,scenario_048,1,49,1,reshare,0.18,0.2307190371541215,4
2670,scenario_048,2,2,2,reshare,0.46,0.3122505173178905,4
2671,scenario_048,2,3,2,reshare,0.18,0.42579910849836355,4
2672,scenario_048,1,7,2,reshare,0.18,0.1307854807032276,4
2673,scenario_048,1,10,2,reshare,0.62,0.3124034001394646,4
2674,scenario_048,1,15,2,reshare,0.18,0.12005797152281476,4
2675,scenario_048,1,20,2,reshare,0.18,0.18802019022970692,4
2676,scenario_048,2,21,2,reshare,0.18,0.17495892732156187,4
2677,scenario_048,1,22,2,reshare,0.28,0.19495018008000295,4
2678,scenario_048,2,25,2,reshare,0.52,0.39484682281244654,4
2679,scenario_048,1,26,2,reshare,0.08,0.22471706496407842,4
2680,scenario_048,2,28,2,reshare,0.62,0.5929815620074215,4
2681,scenario_048,1,31,2,reshare,0.03,0.11137065567109222,4
2682,scenario_048,1,33,2,reshare,0.12,0.08189590755310816,4
2683,scenario_048,1,35,2,reshare,0.28,0.21014242988264342,4
2684,scenario_048,1,37,2,reshare,0.58,0.29579883599474255,4
2685,scenario_048,1,38,2,reshare,0.08,0.09681871075871328,4
2686,scenario_048,1,39,2,reshare,0.05,0.12705582870901552,4
2687,scenario_048,1,40,2,reshare,0.58,0.3699814135869998,4
2688,scenario_048,1,41,2,reshare,0.18,0.16021920580754057,4
2689,scenario_048,1,42,2,reshare,0.12,0.10578293205976423,4
2690,scenario_048,1,47,2,reshare,0.08,0.16473962566587022,4
2691,scenario_048,2,49,2,reshare,0.22,0.3295573767666424,4
2692,scenario_048,2,1,3,reshare,0.18,0.19088626683299895,4
2693,scenario_048,1,4,3,reshare,0.58,0.3417575668032509,4
2694,scenario_048,1,8,3,reshare,0.38,0.2433081636441908,4
2695,scenario_048,2,9,3,reshare,0.41,0.2540713374934203,4
2696,scenario_048,1,11,3,reshare,0.12,0.12681356217919912,4
2697,scenario_048,1,13,3,reshare,0.38,0.16411707069436243,4
2698,scenario_048,1,14,3,reshare,0.58,0.421768558850951,4
2699,scenario_048,1,16,3,reshare,0.08,0.23489498315807544,4
2700,scenario_048,2,18,3,reshare,0.28,0.19119922789209345,4
2701,scenario_048,1,24,3,reshare,0.41,0.16906410003024303,4
2702,scenario_048,2,26,3,reshare,0.41,0.2724806404341956,4
2703,scenario_048,2,27,3,reshare,0.52,0.5526290608420772,4
2704,scenario_048,2,31,3,reshare,0.08,0.07045115500103628,4
2705,scenario_048,1,32,3,reshare,0.18,0.19020462286505727,4
2706,scenario_048,2,37,3,reshare,0.41,0.35146050167681536,4
2707,scenario_048,2,38,3,reshare,0.18,0.09921922893062188,4
2708,scenario_048,2,39,3,reshare,0.18,0.15750979590837397,4
2709,scenario_048,2,40,3,reshare,0.05,0.25705805297059514,4
2710,scenario_048,1,44,3,reshare,0.18,0.21707570351383051,4
2711,scenario_048,2,45,3,reshare,0.18,0.17832359553677196,4
2712,scenario_048,2,47,3,reshare,0.41,0.23989104512563592,4
2713,scenario_048,2,4,4,reshare,0.41,0.34374429286391567,4
2714,scenario_048,1,6,4,reshare,0.41,0.18354967229834454,4
2715,scenario_048,2,8,4,reshare,0.41,0.2775831598573305,4
2716,scenario_048,2,11,4,reshare,0.08,0.07777498446052021,4
2717,scenario_048,2,12,4,reshare,0.62,0.47492383397053367,4
2718,scenario_048,2,13,4,reshare,0.58,0.19985960487626034,4
2719,scenario_048,2,15,4,reshare,0.18,0.09143566571093717,4
2720,scenario_048,2,16,4,reshare,0.63,0.33278773650542365,4
2721,scenario_048,1,17,4,reshare,0.18,0.3420643325725441,4
2722,scenario_048,1,19,4,reshare,0.05,0.091665453703405,4
2723,scenario_048,2,20,4,reshare,0.12,0.1941868754066985,4
2724,scenario_048,2,22,4,reshare,0.08,0.12626939268218887,4
2725,scenario_048,2,23,4,reshare,0.41,0.3542796702929266,4
2726,scenario_048,2,24,4,reshare,0.41,0.21619224598714448,4
2727,scenario_048,1,30,4,reshare,0.28,0.23282283384087268,4
2728,scenario_048,2,33,4,reshare,0.28,0.10737055838906928,4
2729,scenario_048,2,35,4,reshare,0.62,0.20346660545571604,4
2730,scenario_048,1,43,4,reshare,0.18,0.275960672426825,4
2731,scenario_048,2,14,5,reshare,0.68,0.5812688304776439,4
2732,scenario_048,2,19,5,reshare,0.03,0.0529867176865208,4
2733,scenario_048,2,32,5,reshare,0.08,0.11432638311959085,4
2734,scenario_048,1,34,5,reshare,0.34,0.15872697389762572,4
2735,scenario_048,2,42,5,reshare,0.12,0.10991159747423736,4
2736,scenario_048,2,43,5,reshare,0.58,0.31106619093920174,4
2737,scenario_048,1,48,5,reshare,0.08,0.0731133506949825,4
2738,scenario_049,1,0,1,reshare,0.28,0.2146935594414481,0
2739,scenario_049,1,2,1,reshare,0.18,0.14915008612676128,0
2740,scenario_049,1,4,1,reshare,0.05,0.06428953205880002,0
2741,scenario_049,1,8,1,reshare,0.08,0.06375404980138694,0
2742,scenario_049,1,11,1,reshare,0.18,0.23480898007958878,0
2743,scenario_049,1,21,1,reshare,0.18,0.16000817470592574,0
2744,scenario_049,1,29,1,reshare,0.18,0.13028541223696663,0
2745,scenario_049,1,30,1,reshare,0.18,0.19865771326493364,0
2746,scenario_049,1,34,1,reshare,0.03,0.03747578952554667,0
2747,scenario_049,1,35,1,reshare,0.18,0.15278542566517964,0
2748,scenario_049,1,37,1,reshare,0.08,0.08986703548103168,0
2749,scenario_049,1,39,1,reshare,0.05,0.14965308762325905,0
2750,scenario_050,1,0,1,reshare,0.18,0.32737422829624147,1
2751,scenario_050,1,7,1,reshare,0.28,0.35368049657282097,1
2752,scenario_050,1,8,1,reshare,0.28,0.3105779350766816,1
2753,scenario_050,1,11,1,reshare,0.22,0.41471765224712354,1
2754,scenario_050,1,17,1,reshare,0.28,0.3074123748913073,1
2755,scenario_050,1,20,1,reshare,0.28,0.37960271481434466,1
2756,scenario_050,1,24,1,reshare,0.28,0.4099142663807846,1
2757,scenario_050,1,25,1,reshare,0.22,0.35606925513839216,1
2758,scenario_050,1,27,1,reshare,0.42,0.2638918498383636,1
2759,scenario_050,1,29,1,reshare,0.22,0.35148425445548226,1
2760,scenario_050,1,32,1,reshare,0.41,0.5083946522894616,1
2761,scenario_050,1,36,1,reshare,0.28,0.3628691528607475,1
2762,scenario_050,1,40,1,reshare,0.41,0.5442996820455633,1
2763,scenario_050,1,41,1,reshare,0.28,0.37649056125569896,1
2764,scenario_050,1,42,1,reshare,0.18,0.3319744620726682,1
2765,scenario_050,1,2,2,reshare,0.46,0.5532433268743748,1
2766,scenario_050,1,4,2,reshare,0.08,0.2990016212296734,1
2767,scenario_050,1,6,2,reshare,0.15,0.2691605727761444,1
2768,scenario_050,1,10,2,reshare,0.18,0.4440698720031441,1
2769,scenario_050,1,12,2,reshare,0.12,0.23176130578747284,1
2770,scenario_050,1,14,2,reshare,0.31,0.5562170204431875,1
2771,scenario_050,1,16,2,reshare,0.18,0.21885064856775202,1
2772,scenario_050,1,23,2,reshare,0.18,0.37568401471685237,1
2773,scenario_050,2,24,2,reshare,0.18,0.5296488792934546,1
2774,scenario_050,2,25,2,reshare,0.18,0.41403599109343003,1
2775,scenario_050,2,27,2,reshare,0.08,0.17075920793645522,1
2776,scenario_050,2,32,2,reshare,0.28,0.5698615425420507,1
2777,scenario_050,2,36,2,reshare,0.28,0.4394716890129344,1
2778,scenario_050,1,38,2,reshare,0.34,0.49899222313897396,1
2779,scenario_050,2,40,2,reshare,0.12,0.3877867043195984,1
2780,scenario_050,1,44,2,reshare,0.18,0.28924232935100647,1
2781,scenario_050,1,46,2,reshare,0.28,0.6129292041693006,1
2782,scenario_050,1,47,2,reshare,0.31,0.543540304382364,1
2783,scenario_050,1,1,3,reshare,0.18,0.2455838466244828,1
2784,scenario_050,2,8,3,reshare,0.28,0.3653008575105999,1
2785,scenario_050,1,9,3,reshare,0.28,0.27203394903207073,1
2786,scenario_050,2,11,3,reshare,0.28,0.4794377371631764,1
2787,scenario_050,1,15,3,reshare,0.18,0.28817079770876364,1
2788,scenario_050,2,17,3,reshare,0.28,0.41989551446521345,1
2789,scenario_050,1,18,3,reshare,0.18,0.26415482156212267,1
2790,scenario_050,1,19,3,reshare,0.18,0.41945210914226955,1
2791,scenario_050,1,21,3,reshare,0.18,0.2156345783855319,1
2792,scenario_050,1,28,3,reshare,0.18,0.4206495645971758,1
2793,scenario_050,2,29,3,reshare,0.18,0.40848831647124556,1
2794,scenario_050,1,30,3,reshare,0.12,0.16452029299364065,1
2795,scenario_050,1,31,3,reshare,0.18,0.4355969867861812,1
2796,scenario_050,1,34,3,reshare,0.62,0.5486067946255953,1
2797,scenario_050,1,37,3,reshare,0.28,0.29022002881837294,1
2798,scenario_050,1,39,3,reshare,0.12,0.41704471706498275,1
2799,scenario_050,2,41,3,reshare,0.41,0.5646934252893249,1
2800,scenario_050,2,42,3,reshare,0.05,0.3367232368464232,1
2801,scenario_050,1,43,3,reshare,0.18,0.2098155162223781,1
2802,scenario_050,2,44,3,reshare,0.28,0.3325367751214412,1
2803,scenario_050,2,46,3,reshare,0.28,0.6806312901251246,1
2804,scenario_050,2,12,4,reshare,0.18,0.3378118017142352,1
2805,scenario_050,2,16,4,reshare,0.08,0.28844621696074507,1
2806,scenario_050,2,31,4,reshare,0.28,0.5865825343368565,1
2807,scenario_050,1,45,4,reshare,0.18,0.37687424483781545,1
2808,scenario_050,1,48,4,reshare,0.18,0.5306162163998441,1
2809,scenario_050,2,1,5,reshare,0.18,0.3432661620406375,1
2810,scenario_050,2,2,5,reshare,0.41,0.7083628808417224,1
2811,scenario_050,2,6,5,reshare,0.05,0.29812740230649853,1
2812,scenario_050,2,23,5,reshare,0.18,0.47671893369042045,1
2813,scenario_050,2,34,5,reshare,0.38,0.6166355655939569,1
2814,scenario_050,2,39,5,reshare,0.18,0.47642890869721455,1
2815,scenario_050,1,49,5,reshare,0.12,0.28335356448134563,1
2816,scenario_051,1,9,1,reshare,0.41,0.3979558647221105,2
2817,scenario_051,1,10,1,reshare,0.08,0.20488553879011087,2
2818,scenario_051,1,11,1,reshare,0.01,0.09023629451353461,2
2819,scenario_051,1,12,1,reshare,0.41,0.33920633647553083,2
2820,scenario_051,1,25,1,reshare,0.18,0.20666345180577217,2
2821,scenario_051,1,29,1,reshare,0.28,0.4757122633150227,2
2822,scenario_051,1,32,1,reshare,0.52,0.514781691896019,2
2823,scenario_051,1,35,1,reshare,0.28,0.24587735729148152,2
2824,scenario_051,1,36,1,reshare,0.18,0.21349811015038178,2
2825,scenario_051,1,37,1,reshare,0.58,0.5138247053292938,2
2826,scenario_051,1,39,1,reshare,0.46,0.5131497469533941,2
2827,scenario_051,1,41,1,reshare,0.18,0.2823902230697818,2
2828,scenario_051,1,42,1,reshare,0.08,0.12699677402770582,2
2829,scenario_051,1,43,1,reshare,0.08,0.20959584421823077,2
2830,scenario_051,1,45,1,reshare,0.7,0.3824146587436037,2
2831,scenario_051,1,0,2,reshare,0.08,0.16834956278891997,2
2832,scenario_051,1,5,2,reshare,0.05,0.25358030933399156,2
2833,scenario_051,1,8,2,reshare,0.28,0.4754827619615312,2
2834,scenario_051,2,9,2,reshare,0.46,0.4490828210928175,2
2835,scenario_051,2,10,2,reshare,0.08,0.14308620762730076,2
2836,scenario_051,2,11,2,reshare,0.03,0.04964962382570897,2
2837,scenario_051,2,12,2,reshare,0.28,0.3758490424264688,2
2838,scenario_051,1,16,2,reshare,0.34,0.28662445127076114,2
2839,scenario_051,1,18,2,reshare,0.34,0.2944224081742719,2
2840,scenario_051,1,21,2,reshare,0.12,0.1494522346879931,2
2841,scenario_051,1,22,2,reshare,0.18,0.21639481437784466,2
2842,scenario_051,1,26,2,reshare,0.08,0.353143917286367,2
2843,scenario_051,2,29,2,reshare,0.28,0.5436549463244025,2
2844,scenario_051,1,30,2,reshare,0.48,0.4205137416839351,2
2845,scenario_051,1,31,2,reshare,0.22,0.2487385343711041,2
2846,scenario_051,2,32,2,reshare,0.46,0.5254429754285238,2
2847,scenario_051,1,33,2,reshare,0.18,0.14283980292959622,2
2848,scenario_051,2,35,2,reshare,0.08,0.18465974506461535,2
2849,scenario_051,2,36,2,reshare,0.12,0.2311584103331978,2
2850,scenario_051,2,37,2,reshare,0.62,0.6545769475839439,2
2851,scenario_051,2,39,2,reshare,0.52,0.606634851467812,2
2852,scenario_051,2,43,2,reshare,0.48,0.24711762374758872,2
2853,scenario_051,2,45,2,reshare,0.08,0.1512273593832705,2
2854,scenario_051,1,49,2,reshare,0.08,0.22590073193580243,2
2855,scenario_051,2,0,3,reshare,0.18,0.24473795950501626,2
2856,scenario_051,1,1,3,reshare,0.12,0.19449967025271664,2
2857,scenario_051,1,3,3,reshare,0.41,0.4916405292309094,2
2858,scenario_051,2,5,3,reshare,0.62,0.32053073656991926,2
2859,scenario_051,1,7,3,reshare,0.12,0.1574075777012895,2
2860,scenario_051,2,8,3,reshare,0.66,0.5405305192219452,2
2861,scenario_051,2,22,3,reshare,0.28,0.2869903780294876,2
2862,scenario_051,1,23,3,reshare,0.55,0.4084662095595003,2
2863,scenario_051,1,24,3,reshare,0.72,0.3767791878107692,2
2864,scenario_051,2,25,3,reshare,0.28,0.23985356286818926,2
2865,scenario_051,2,26,3,reshare,0.46,0.39619196024496034,2
2866,scenario_051,2,31,3,reshare,0.28,0.30953362425754993,2
2867,scenario_051,2,33,3,reshare,0.46,0.20053434180572494,2
2868,scenario_051,1,38,3,reshare,0.41,0.3608062637373357,2
2869,scenario_051,2,49,3,reshare,0.18,0.25565841713095033,2
2870,scenario_051,2,3,4,reshare,0.46,0.5617170552006586,2
2871,scenario_051,1,6,4,reshare,0.58,0.249889847069131,2
2872,scenario_051,1,13,4,reshare,0.58,0.4301576301054662,2
2873,scenario_051,1,14,4,reshare,0.18,0.24092419096959505,2
2874,scenario_051,1,15,4,reshare,0.38,0.2257938757648163,2
2875,scenario_051,2,18,4,reshare,0.18,0.32626830941612567,2
2876,scenario_051,1,20,4,reshare,0.31,0.33714932311810275,2
2877,scenario_051,2,21,4,reshare,0.41,0.16847106869750772,2
2878,scenario_051,2,24,4,reshare,0.62,0.5350138842313714,2
2879,scenario_051,1,28,4,reshare,0.18,0.3052082825015146,2
2880,scenario_051,2,30,4,reshare,0.58,0.4729323682817506,2
2881,scenario_051,1,34,4,reshare,0.58,0.5440100985869102,2
2882,scenario_051,2,38,4,reshare,0.46,0.4217524789524493,2
2883,scenario_051,2,41,4,reshare,0.18,0.41517141833137133,2
2884,scenario_051,2,42,4,reshare,0.08,0.14383188822541554,2
2885,scenario_051,2,16,5,reshare,0.05,0.2216543249753615,2
2886,scenario_051,1,17,5,reshare,0.28,0.2866736838741658,2
2887,scenario_051,1,19,5,reshare,0.18,0.1581060956700141,2
2888,scenario_051,2,23,5,reshare,0.34,0.37491665001769414,2
2889,scenario_051,1,27,5,reshare,0.48,0.41510679840572956,2
2890,scenario_051,2,34,5,reshare,0.58,0.5486066111749528,2
2891,scenario_051,1,44,5,reshare,0.68,0.5132137810123552,2
2892,scenario_051,2,28,6,reshare,0.18,0.3040371089964574,2
2893,scenario_052,1,1,1,reshare,0.28,0.33457636264654805,2
2894,scenario_052,1,2,1,reshare,0.38,0.40904439859218,2
2895,scenario_052,1,3,1,reshare,0.34,0.3311992980443739,2
2896,scenario_052,1,8,1,reshare,0.18,0.21879491740528945,2
2897,scenario_052,1,11,1,reshare,0.18,0.22144778412389424,2
2898,scenario_052,1,12,1,reshare,0.46,0.39759480423732696,2
2899,scenario_052,1,22,1,reshare,0.62,0.5001981964417391,2
2900,scenario_052,1,26,1,reshare,0.41,0.4025654144973774,2
2901,scenario_052,1,30,1,reshare,0.28,0.24547481306564758,2
2902,scenario_052,1,37,1,reshare,0.48,0.4103290050815196,2
2903,scenario_052,1,38,1,reshare,0.62,0.5119406884029271,2
2904,scenario_052,1,42,1,reshare,0.12,0.23215905961686953,2
2905,scenario_052,1,43,1,reshare,0.18,0.32990874667942793,2
2906,scenario_052,1,45,1,reshare,0.28,0.29029115385439924,2
2907,scenario_052,1,0,2,reshare,0.18,0.2628239103695884,2
2908,scenario_052,2,1,2,reshare,0.42,0.3799937629412334,2
2909,scenario_052,2,2,2,reshare,0.28,0.44537194841638733,2
2910,scenario_052,1,6,2,reshare,0.48,0.3884430165421702,2
2911,scenario_052,2,8,2,reshare,0.18,0.15987130409496386,2
2912,scenario_052,1,15,2,reshare,0.12,0.16541558797624184,2
2913,scenario_052,1,18,2,reshare,0.52,0.3650866899718197,2
2914,scenario_052,1,19,2,reshare,0.28,0.16942558810239358,2
2915,scenario_052,1,21,2,reshare,0.41,0.26227520515444014,2
2916,scenario_052,2,22,2,reshare,0.62,0.5171660182101481,2
2917,scenario_052,1,24,2,reshare,0.46,0.47588490560808566,2
2918,scenario_052,2,26,2,reshare,0.41,0.28245074496801864,2
2919,scenario_052,1,28,2,reshare,0.18,0.28114374725067887,2
2920,scenario_052,1,29,2,reshare,0.28,0.23138969082971614,2
2921,scenario_052,1,31,2,reshare,0.18,0.2766682312649297,2
2922,scenario_052,1,33,2,reshare,0.46,0.30204448294954217,2
2923,scenario_052,1,34,2,reshare,0.18,0.2070649774712852,2
2924,scenario_052,1,35,2,reshare,0.18,0.20573500443498402,2
2925,scenario_052,1,36,2,reshare,0.28,0.27393005400196185,2
2926,scenario_052,2,37,2,reshare,0.58,0.4427050459832688,2
2927,scenario_052,1,39,2,reshare,0.34,0.3247571601357222,2
2928,scenario_052,1,40,2,reshare,0.34,0.3774260804793357,2
2929,scenario_052,2,42,2,reshare,0.18,0.2516798169142171,2
2930,scenario_052,1,44,2,reshare,0.28,0.2699531800832683,2
2931,scenario_052,2,45,2,reshare,0.18,0.29682509777298344,2
2932,scenario_052,1,47,2,reshare,0.28,0.35570700452984766,2
2933,scenario_052,1,49,2,reshare,0.18,0.16899681750283108,2
2934,scenario_052,2,3,3,reshare,0.18,0.29060161073158236,2
2935,scenario_052,1,4,3,reshare,0.62,0.40269266403468823,2
2936,scenario_052,1,5,3,reshare,0.41,0.3012513081666364,2
2937,scenario_052,2,6,3,reshare,0.58,0.4663431347690034,2
2938,scenario_052,1,10,3,reshare,0.12,0.20852459375307267,2
2939,scenario_052,2,11,3,reshare,0.18,0.21716617176567363,2
2940,scenario_052,2,12,3,reshare,0.42,0.44854651925636446,2
2941,scenario_052,1,13,3,reshare,0.46,0.3282538769603994,2
2942,scenario_052,1,14,3,reshare,0.28,0.2800081119518571,2
2943,scenario_052,2,15,3,reshare,0.03,0.09850608830779888,2
2944,scenario_052,2,18,3,reshare,0.41,0.3703504056972291,2
2945,scenario_052,1,20,3,reshare,0.58,0.5102968495413888,2
2946,scenario_052,2,21,3,reshare,0.08,0.15657844068064983,2
2947,scenario_052,1,23,3,reshare,0.18,0.2812553094675812,2
2948,scenario_052,2,24,3,reshare,0.41,0.47516773209679436,2
2949,scenario_052,1,25,3,reshare,0.28,0.3301378353739489,2
2950,scenario_052,1,27,3,reshare,0.12,0.1439033050858358,2
2951,scenario_052,2,28,3,reshare,0.58,0.30659185532917865,2
2952,scenario_052,2,31,3,reshare,0.18,0.1913502719510695,2
2953,scenario_052,1,32,3,reshare,0.46,0.42420824685148784,2
2954,scenario_052,2,33,3,reshare,0.46,0.3627915537956598,2
2955,scenario_052,2,36,3,reshare,0.28,0.3522412812290924,2
2956,scenario_052,2,38,3,reshare,0.46,0.6159291320542275,2
2957,scenario_052,2,39,3,reshare,0.41,0.3198375019089095,2
2958,scenario_052,2,43,3,reshare,0.28,0.3842751044736244,2
2959,scenario_052,1,46,3,reshare,0.08,0.12003298287078151,2
2960,scenario_052,2,47,3,reshare,0.28,0.30061540744433474,2
2961,scenario_052,2,49,3,reshare,0.08,0.13654015221008226,2
2962,scenario_052,2,0,4,reshare,0.46,0.23863884901957355,2
2963,scenario_052,2,4,4,reshare,0.41,0.4763022933749443,2
2964,scenario_052,2,5,4,reshare,0.62,0.37545653216604125,2
2965,scenario_052,2,10,4,reshare,0.58,0.18098513805101746,2
2966,scenario_052,2,13,4,reshare,0.28,0.2918544931139311,2
2967,scenario_052,2,14,4,reshare,0.08,0.1887448670200378,2
2968,scenario_052,1,16,4,reshare,0.03,0.10877278498266091,2
2969,scenario_052,2,19,4,reshare,0.74,0.21494301119297543,2
2970,scenario_052,2,20,4,reshare,0.08,0.38326200854704917,2
2971,scenario_052,2,25,4,reshare,0.38,0.40972625171214466,2
2972,scenario_052,2,30,4,reshare,0.42,0.315837777672747,2
2973,scenario_052,2,32,4,reshare,0.42,0.5219059379242257,2
2974,scenario_052,2,34,4,reshare,0.18,0.3008151034418864,2
2975,scenario_052,2,35,4,reshare,0.58,0.2484098207575063,2
2976,scenario_052,1,41,4,reshare,0.72,0.41707999119418765,2
2977,scenario_052,2,44,4,reshare,0.28,0.207635256040777,2
2978,scenario_052,2,46,4,reshare,0.05,0.06859994231086596,2
2979,scenario_052,1,48,4,reshare,0.28,0.2916664053895437,2
2980,scenario_052,2,40,5,reshare,0.68,0.46597138314205666,2
2981,scenario_053,1,0,1,reshare,0.18,0.33165793184354636,0
2982,scenario_053,1,3,1,reshare,0.18,0.21044363060120994,0
2983,scenario_053,1,7,1,reshare,0.28,0.16162896760148956,0
2984,scenario_053,1,11,1,reshare,0.34,0.25172858941729,0
2985,scenario_053,1,14,1,reshare,0.28,0.3361888871995478,0
2986,scenario_053,1,15,1,reshare,0.18,0.2046372347647307,0
2987,scenario_053,1,21,1,reshare,0.18,0.19909887761265357,0
2988,scenario_053,1,31,1,reshare,0.41,0.36437878021370823,0
2989,scenario_053,1,32,1,reshare,0.74,0.498073934696943,0
2990,scenario_053,1,40,1,reshare,0.41,0.36014164019510375,0
2991,scenario_053,1,47,1,reshare,0.18,0.20226267338446036,0
2992,scenario_053,2,3,2,reshare,0.28,0.2651859131402238,0
2993,scenario_053,1,5,2,reshare,0.38,0.24139475817020448,0
2994,scenario_053,1,6,2,reshare,0.52,0.4883177860359145,0
2995,scenario_053,1,10,2,reshare,0.28,0.24788202340576238,0
2996,scenario_053,1,20,2,reshare,0.12,0.16358013995533632,0
2997,scenario_053,1,23,2,reshare,0.28,0.2587219928266148,0
2998,scenario_053,1,26,2,reshare,0.18,0.21761679967232733,0
2999,scenario_053,1,27,2,reshare,0.41,0.31221379362545726,0
3000,scenario_053,2,32,2,reshare,0.46,0.5088472957924717,0
3001,scenario_053,1,33,2,reshare,0.08,0.11840053720713582,0
3002,scenario_053,1,37,2,reshare,0.28,0.23288323340370665,0
3003,scenario_053,1,41,2,reshare,0.28,0.29119376393990304,0
3004,scenario_053,1,42,2,reshare,0.46,0.519761465461213,0
3005,scenario_053,1,1,3,reshare,0.28,0.2636536777610681,0
3006,scenario_053,2,7,3,reshare,0.28,0.19261432502442702,0
3007,scenario_053,2,10,3,reshare,0.34,0.29451644108121516,0
3008,scenario_053,2,14,3,reshare,0.22,0.36934306436675174,0
3009,scenario_053,1,16,3,reshare,0.22,0.3234650466141658,0
3010,scenario_053,1,17,3,reshare,0.18,0.15277612399662516,0
3011,scenario_053,2,21,3,reshare,0.18,0.22342396925196706,0
3012,scenario_053,2,33,3,reshare,0.08,0.1355200560698212,0
3013,scenario_053,1,39,3,reshare,0.18,0.1697790798345866,0
3014,scenario_053,2,40,3,reshare,0.52,0.45287042483609175,0
3015,scenario_053,1,44,3,reshare,0.34,0.42136696983434524,0
3016,scenario_053,2,5,4,reshare,0.46,0.28018103842814107,0
3017,scenario_053,1,22,4,reshare,0.18,0.28326449117503977,0
3018,scenario_053,1,24,4,reshare,0.41,0.4262595148562047,0
3019,scenario_053,1,36,4,reshare,0.41,0.2561296136618552,0
3020,scenario_053,2,37,4,reshare,0.18,0.2715548374263227,0
3021,scenario_053,2,44,4,reshare,0.46,0.47733140127363655,0
3022,scenario_053,2,0,5,reshare,0.18,0.363527629794704,0
3023,scenario_053,2,1,5,reshare,0.12,0.26077315213065627,0
3024,scenario_053,1,4,5,reshare,0.38,0.2891689805993309,0
3025,scenario_053,2,6,5,reshare,0.62,0.49758166149538074,0
3026,scenario_053,1,18,5,reshare,0.18,0.2917869112794823,0
3027,scenario_053,2,22,5,reshare,0.18,0.2847902910404725,0
3028,scenario_053,2,24,5,reshare,0.62,0.5334994745174169,0
3029,scenario_053,2,27,5,reshare,0.28,0.31093390208864136,0
3030,scenario_053,1,30,5,reshare,0.28,0.17727164739460805,0
3031,scenario_053,1,38,5,reshare,0.18,0.1749946940594171,0
3032,scenario_053,2,39,5,reshare,0.18,0.2094176093059764,0
3033,scenario_054,1,1,1,reshare,0.18,0.30173256809290694,3
3034,scenario_054,1,3,1,reshare,0.18,0.205567964420915,3
3035,scenario_054,1,4,1,reshare,0.12,0.18950946067196775,3
3036,scenario_054,1,6,1,reshare,0.18,0.2936232984469509,3
3037,scenario_054,1,7,1,reshare,0.18,0.1498276285874603,3
3038,scenario_054,1,11,1,reshare,0.08,0.1661544252774641,3
3039,scenario_054,1,15,1,reshare,0.18,0.12840157041302913,3
3040,scenario_054,1,32,1,reshare,0.18,0.18198941943501246,3
3041,scenario_054,1,38,1,reshare,0.12,0.14194630610449976,3
3042,scenario_054,1,44,1,reshare,0.12,0.1384276803028022,3
3043,scenario_054,1,45,1,reshare,0.12,0.16647788437748218,3
3044,scenario_054,1,46,1,reshare,0.18,0.17086977225055153,3
3045,scenario_054,1,0,2,reshare,0.08,0.23159564379621608,3
3046,scenario_054,2,1,2,reshare,0.42,0.4000836249838337,3
3047,scenario_054,2,3,2,reshare,0.12,0.22845767950495138,3
3048,scenario_054,2,4,2,reshare,0.03,0.1165279418500218,3
3049,scenario_054,2,6,2,reshare,0.52,0.39955743586462633,3
3050,scenario_054,1,12,2,reshare,0.18,0.22436781839924202,3
3051,scenario_054,1,14,2,reshare,0.05,0.09346343515040882,3
3052,scenario_054,2,15,2,reshare,0.03,0.06835846504925107,3
3053,scenario_054,1,18,2,reshare,0.58,0.4312456030986039,3
3054,scenario_054,1,24,2,reshare,0.03,0.07935022556902178,3
3055,scenario_054,2,46,2,reshare,0.42,0.2764665750906514,3
3056,scenario_054,2,0,3,reshare,0.41,0.27434458840451115,3
3057,scenario_054,2,11,3,reshare,0.18,0.19548442909313601,3
3058,scenario_054,2,12,3,reshare,0.05,0.14011732302569685,3
3059,scenario_054,2,14,3,reshare,0.18,0.1350185358603232,3
3060,scenario_054,1,17,3,reshare,0.05,0.09453385580371781,3
3061,scenario_054,2,24,3,reshare,0.03,0.043783283232164134,3
3062,scenario_054,1,25,3,reshare,0.12,0.11925220641954255,3
3063,scenario_054,1,28,3,reshare,0.18,0.1768439370929067,3
3064,scenario_054,1,35,3,reshare,0.62,0.4601761168584627,3
3065,scenario_054,2,45,3,reshare,0.38,0.24364769555667956,3
3066,scenario_054,1,48,3,reshare,0.05,0.0823214704693421,3
3067,scenario_054,1,49,3,reshare,0.18,0.14224244377943424,3
3068,scenario_055,1,3,1,reshare,0.12,0.23180558559095368,2
3069,scenario_055,1,5,1,reshare,0.08,0.14835034428510924,2
3070,scenario_055,1,6,1,reshare,0.58,0.35672980425805584,2
3071,scenario_055,1,9,1,reshare,0.28,0.1847126059608105,2
3072,scenario_055,1,11,1,reshare,0.12,0.14843497674306366,2
3073,scenario_055,1,12,1,reshare,0.12,0.2935582737820957,2
3074,scenario_055,1,17,1,reshare,0.12,0.10550886016294733,2
3075,scenario_055,1,18,1,reshare,0.22,0.2662712287842821,2
3076,scenario_055,1,19,1,reshare,0.12,0.1739231737362558,2
3077,scenario_055,1,22,1,reshare,0.08,0.16683917413477095,2
3078,scenario_055,1,23,1,reshare,0.12,0.10763674840919671,2
3079,scenario_055,1,25,1,reshare,0.18,0.1362438421900077,2
3080,scenario_055,1,32,1,reshare,0.18,0.24813531288073024,2
3081,scenario_055,1,40,1,reshare,0.03,0.1153508054405793,2
3082,scenario_055,1,41,1,reshare,0.18,0.3495821029882729,2
3083,scenario_055,1,42,1,reshare,0.08,0.21073466433279156,2
3084,scenario_055,1,46,1,reshare,0.18,0.23917494585975552,2
3085,scenario_055,1,1,2,reshare,0.12,0.11710617240773612,2
3086,scenario_055,2,5,2,reshare,0.28,0.2061792801747736,2
3087,scenario_055,1,8,2,reshare,0.18,0.13065547467072236,2
3088,scenario_055,2,9,2,reshare,0.18,0.31061861816579445,2
3089,scenario_055,2,11,2,reshare,0.18,0.19489856449513573,2
3090,scenario_055,2,12,2,reshare,0.62,0.3818162001012166,2
3091,scenario_055,1,15,2,reshare,0.08,0.19344765674451672,2
3092,scenario_055,1,16,2,reshare,0.05,0.09474063280124582,2
3093,scenario_055,2,18,2,reshare,0.22,0.3165512887768047,2
3094,scenario_055,2,23,2,reshare,0.08,0.11863933017030691,2
3095,scenario_055,1,24,2,reshare,0.22,0.31978823615916,2
3096,scenario_055,2,25,2,reshare,0.18,0.19157763086553908,2
3097,scenario_055,1,26,2,reshare,0.08,0.12266532861450609,2
3098,scenario_055,1,27,2,reshare,0.08,0.18231413267278931,2
3099,scenario_055,1,33,2,reshare,0.12,0.2735832380567528,2
3100,scenario_055,1,36,2,reshare,0.31,0.3632589956916517,2
3101,scenario_055,1,38,2,reshare,0.18,0.2953123593801657,2
3102,scenario_055,2,40,2,reshare,0.12,0.11898342719697493,2
3103,scenario_055,1,43,2,reshare,0.28,0.32330581535958297,2
3104,scenario_055,1,44,2,reshare,0.08,0.1564069087184855,2
3105,scenario_055,2,46,2,reshare,0.41,0.32024182140067625,2
3106,scenario_055,1,49,2,reshare,0.08,0.32716790426913245,2
3107,scenario_055,2,6,3,reshare,0.22,0.3720611338228572,2
3108,scenario_055,1,7,3,reshare,0.08,0.14219161009365788,2
3109,scenario_055,2,8,3,reshare,0.08,0.1330110003078272,2
3110,scenario_055,1,14,3,reshare,0.12,0.1267862792165465,2
3111,scenario_055,2,17,3,reshare,0.12,0.12804938032713367,2
3112,scenario_055,2,24,3,reshare,0.12,0.20279581803319346,2
3113,scenario_055,1,31,3,reshare,0.22,0.23663654332413994,2
3114,scenario_055,2,33,3,reshare,0.18,0.29155662850457137,2
3115,scenario_055,1,34,3,reshare,0.12,0.11000548053866019,2
3116,scenario_055,1,37,3,reshare,0.03,0.06191823115094159,2
3117,scenario_055,2,38,3,reshare,0.28,0.3051003404354779,2
3118,scenario_055,2,43,3,reshare,0.22,0.3244545121459726,2
3119,scenario_055,1,47,3,reshare,0.15,0.19303576825639654,2
3120,scenario_056,1,1,1,reshare,0.12,0.1319890193930515,1
3121,scenario_056,1,3,1,reshare,0.42,0.45467197923614266,1
3122,scenario_056,1,5,1,reshare,0.62,0.5427487800006956,1
3123,scenario_056,1,11,1,reshare,0.18,0.15418885399949472,1
3124,scenario_056,1,16,1,reshare,0.18,0.24297065528320214,1
3125,scenario_056,1,21,1,reshare,0.18,0.3094115076072641,1
3126,scenario_056,1,24,1,reshare,0.28,0.5725355568798267,1
3127,scenario_056,1,26,1,reshare,0.46,0.4843787484725149,1
3128,scenario_056,1,27,1,reshare,0.18,0.12824235687106336,1
3129,scenario_056,1,32,1,reshare,0.22,0.23142759350423642,1
3130,scenario_056,1,33,1,reshare,0.08,0.24460961377943222,1
3131,scenario_056,1,42,1,reshare,0.63,0.46881230235757854,1
3132,scenario_056,1,48,1,reshare,0.28,0.23550289469081967,1
3133,scenario_056,2,5,2,reshare,0.62,0.6669360501217444,1
3134,scenario_056,1,6,2,reshare,0.41,0.30610562566165406,1
3135,scenario_056,1,7,2,reshare,0.72,0.6044087902243427,1
3136,scenario_056,1,8,2,reshare,0.68,0.414112595542145,1
3137,scenario_056,2,16,2,reshare,0.62,0.3670956841106519,1
3138,scenario_056,1,17,2,reshare,0.28,0.24471148148251864,1
3139,scenario_056,1,18,2,reshare,0.63,0.34791359024081336,1
3140,scenario_056,1,19,2,reshare,0.62,0.3699315720450552,1
3141,scenario_056,1,20,2,reshare,0.28,0.2520370050641735,1
3142,scenario_056,1,22,2,reshare,0.1,0.22180520226569914,1
3143,scenario_056,1,25,2,reshare,0.08,0.09771338503164163,1
3144,scenario_056,2,26,2,reshare,0.42,0.5446172956155918,1
3145,scenario_056,1,28,2,reshare,0.34,0.3573149767391137,1
3146,scenario_056,1,30,2,reshare,0.62,0.3358696555174022,1
3147,scenario_056,1,31,2,reshare,0.62,0.47260147147180015,1
3148,scenario_056,2,33,2,reshare,0.42,0.2877071008833989,1
3149,scenario_056,1,37,2,reshare,0.18,0.16233962593586823,1
3150,scenario_056,1,38,2,reshare,0.42,0.42866502002195045,1
3151,scenario_056,1,43,2,reshare,0.62,0.513802643666582,1
3152,scenario_056,1,45,2,reshare,0.62,0.4987751812614261,1
3153,scenario_056,1,47,2,reshare,0.46,0.3455125777884909,1
3154,scenario_056,1,2,3,reshare,0.46,0.43169081253085173,1
3155,scenario_056,2,3,3,reshare,0.74,0.6543306126110962,1
3156,scenario_056,1,4,3,reshare,0.62,0.30082463933325904,1
3157,scenario_056,2,7,3,reshare,0.72,0.727105673783937,1
3158,scenario_056,1,9,3,reshare,0.42,0.3448758719603828,1
3159,scenario_056,1,10,3,reshare,0.52,0.44036449347055123,1
3160,scenario_056,2,11,3,reshare,0.46,0.19887176985806965,1
3161,scenario_056,1,12,3,reshare,0.41,0.2764757944362151,1
3162,scenario_056,1,13,3,reshare,0.72,0.6111619288911807,1
3163,scenario_056,1,14,3,reshare,0.62,0.4740232520430548,1
3164,scenario_056,2,17,3,reshare,0.34,0.24922892153683385,1
3165,scenario_056,2,18,3,reshare,0.46,0.3615689808913551,1
3166,scenario_056,2,19,3,reshare,0.28,0.2677385993740348,1
3167,scenario_056,2,22,3,reshare,0.68,0.2747175076419007,1
3168,scenario_056,2,27,3,reshare,0.18,0.21479175494450992,1
3169,scenario_056,2,28,3,reshare,0.34,0.44212778338707964,1
3170,scenario_056,1,29,3,reshare,0.46,0.2657929289983455,1
3171,scenario_056,2,30,3,reshare,0.28,0.35392866773117443,1
3172,scenario_056,2,32,3,reshare,0.18,0.2860937461013637,1
3173,scenario_056,1,34,3,reshare,0.63,0.5368833833133586,1
3174,scenario_056,1,35,3,reshare,0.62,0.26119306347557253,1
3175,scenario_056,1,36,3,reshare,0.28,0.22174627939783279,1
3176,scenario_056,2,37,3,reshare,0.18,0.09486514484961035,1
3177,scenario_056,1,40,3,reshare,0.41,0.2930847941812933,1
3178,scenario_056,1,44,3,reshare,0.63,0.44108158288001226,1
3179,scenario_056,1,46,3,reshare,0.74,0.6332854242015055,1
3180,scenario_056,1,0,4,reshare,0.28,0.21687374690000288,1
3181,scenario_056,2,1,4,reshare,0.18,0.05767784679070578,1
3182,scenario_056,2,2,4,reshare,0.18,0.28822218105249414,1
3183,scenario_056,2,4,4,reshare,0.34,0.2768816751033574,1
3184,scenario_056,2,8,4,reshare,0.42,0.459376832183568,1
3185,scenario_056,2,10,4,reshare,0.52,0.2196057916794896,1
3186,scenario_056,2,12,4,reshare,0.18,0.247598356759201,1
3187,scenario_056,2,13,4,reshare,0.42,0.6596646518960735,1
3188,scenario_056,2,14,4,reshare,0.72,0.5217356089670078,1
3189,scenario_056,2,20,4,reshare,0.08,0.16642431491131232,1
3190,scenario_056,2,21,4,reshare,0.62,0.459637773865232,1
3191,scenario_056,1,23,4,reshare,0.46,0.416925905349279,1
3192,scenario_056,2,24,4,reshare,0.78,0.7483951992091775,1
3193,scenario_056,2,29,4,reshare,0.58,0.38361275456079497,1
3194,scenario_056,2,31,4,reshare,0.62,0.36587196837877584,1
3195,scenario_056,2,34,4,reshare,0.52,0.5545516363136015,1
3196,scenario_056,2,36,4,reshare,0.34,0.32708163333130413,1
3197,scenario_056,2,38,4,reshare,0.18,0.3529218065515511,1
3198,scenario_056,2,40,4,reshare,0.18,0.2730256521865607,1
3199,scenario_056,1,41,4,reshare,0.42,0.32076510431712035,1
3200,scenario_056,2,43,4,reshare,0.62,0.49977871975897553,1
3201,scenario_056,2,46,4,reshare,0.62,0.6533338265545497,1
3202,scenario_056,2,47,4,reshare,0.42,0.5162022223895595,1
3203,scenario_056,2,48,4,reshare,0.18,0.14489722931545182,1
3204,scenario_056,2,0,5,reshare,0.28,0.2595052287839044,1
3205,scenario_056,2,9,5,reshare,0.42,0.3835117040477772,1
3206,scenario_056,2,35,5,reshare,0.08,0.1593809564172812,1
3207,scenario_056,2,41,5,reshare,0.34,0.42422783682406945,1
3208,scenario_056,2,44,5,reshare,0.18,0.4458372634102005,1
3209,scenario_056,2,45,5,reshare,0.42,0.5584921181211296,1
3210,scenario_056,2,23,6,reshare,0.28,0.45873781582099654,1
3211,scenario_057,1,1,1,reshare,0.05,0.21846527887533818,3
3212,scenario_057,1,8,1,reshare,0.18,0.445503278445336,3
3213,scenario_057,1,12,1,reshare,0.28,0.31499374848509165,3
3214,scenario_057,1,13,1,reshare,0.28,0.2523881975758797,3
3215,scenario_057,1,27,1,reshare,0.12,0.10491977494237699,3
3216,scenario_057,1,32,1,reshare,0.12,0.5687614566630329,3
3217,scenario_057,1,33,1,reshare,0.18,0.5087091761724214,3
3218,scenario_057,1,34,1,reshare,0.08,0.14190511752844376,3
3219,scenario_057,1,35,1,reshare,0.18,0.3939552563337614,3
3220,scenario_057,1,42,1,reshare,0.08,0.1459991576158818,3
3221,scenario_058,1,2,1,reshare,0.22,0.18435366960239333,1
3222,scenario_058,1,3,1,reshare,0.18,0.17853256912824295,1
3223,scenario_058,1,18,1,reshare,0.05,0.19668804593925826,1
3224,scenario_058,1,19,1,reshare,0.12,0.17617929966538445,1
3225,scenario_058,1,20,1,reshare,0.08,0.0713363845643581,1
3226,scenario_058,1,26,1,reshare,0.46,0.4301232999516939,1
3227,scenario_058,1,39,1,reshare,0.12,0.13911665199951379,1
3228,scenario_058,1,41,1,reshare,0.12,0.10481130564045839,1
3229,scenario_058,1,48,1,reshare,0.18,0.22071768034181613,1
3230,scenario_059,1,1,1,reshare,0.05,0.10625603501760422,4
3231,scenario_059,1,3,1,reshare,0.08,0.08551353804625883,4
3232,scenario_059,1,4,1,reshare,0.12,0.20239047505827557,4
3233,scenario_059,1,7,1,reshare,0.03,0.1021159252130865,4
3234,scenario_059,1,8,1,reshare,0.05,0.10684343577354796,4
3235,scenario_059,1,15,1,reshare,0.03,0.1016128402859756,4
3236,scenario_059,1,26,1,reshare,0.03,0.10731407329313537,4
3237,scenario_059,1,27,1,reshare,0.41,0.26908355189666244,4
3238,scenario_059,1,28,1,reshare,0.05,0.10945760380697886,4
3239,scenario_059,1,30,1,reshare,0.18,0.13775076031878258,4
3240,scenario_059,1,32,1,reshare,0.12,0.1086130451935406,4
3241,scenario_059,1,39,1,reshare,0.12,0.1534461900040466,4
3242,scenario_059,1,40,1,reshare,0.05,0.0873837460337373,4
3243,scenario_059,1,9,2,reshare,0.05,0.10342064459332422,4
3244,scenario_059,1,22,2,reshare,0.08,0.076594083598661,4
3245,scenario_059,1,43,2,reshare,0.2,0.17428728189688186,4
3246,scenario_060,1,7,1,reshare,0.08,0.08878754190065385,3
3247,scenario_060,1,8,1,reshare,0.08,0.1537459314473475,3
3248,scenario_060,1,9,1,reshare,0.08,0.13075695067294588,3
3249,scenario_060,1,15,1,reshare,0.05,0.12186219468818887,3
3250,scenario_060,1,18,1,reshare,0.42,0.3168518963480637,3
3251,scenario_060,1,21,1,reshare,0.22,0.3037528553669961,3
3252,scenario_060,1,22,1,reshare,0.03,0.11275456111488678,3
3253,scenario_060,1,26,1,reshare,0.41,0.33960090894769385,3
3254,scenario_060,1,27,1,reshare,0.18,0.30391934688888833,3
3255,scenario_060,1,28,1,reshare,0.08,0.18055934849120184,3
3256,scenario_060,1,32,1,reshare,0.12,0.20447768592983126,3
3257,scenario_060,1,37,1,reshare,0.02,0.06786926395854052,3
3258,scenario_060,1,38,1,reshare,0.12,0.17800062300507058,3
3259,scenario_060,1,39,1,reshare,0.18,0.2535990631673717,3
3260,scenario_060,1,40,1,reshare,0.41,0.2964102176936322,3
3261,scenario_060,1,43,1,reshare,0.05,0.17239591728059117,3
3262,scenario_060,1,44,1,reshare,0.18,0.260341147400503,3
3263,scenario_060,1,46,1,reshare,0.18,0.1737209536341051,3
3264,scenario_060,1,2,2,reshare,0.18,0.19843941761830627,3
3265,scenario_060,1,5,2,reshare,0.12,0.1474523908713954,3
3266,scenario_060,1,6,2,reshare,0.12,0.1983467674907582,3
3267,scenario_060,2,9,2,reshare,0.08,0.1548484052186844,3
3268,scenario_060,1,10,2,reshare,0.05,0.091958095613045,3
3269,scenario_060,1,11,2,reshare,0.08,0.1621797699282761,3
3270,scenario_060,1,12,2,reshare,0.08,0.16910695652631974,3
3271,scenario_060,1,17,2,reshare,0.41,0.20799440606691352,3
3272,scenario_060,2,21,2,reshare,0.28,0.36661682615641983,3
3273,scenario_060,1,31,2,reshare,0.18,0.3735872967619223,3
3274,scenario_060,2,32,2,reshare,0.28,0.2438474938769423,3
3275,scenario_060,1,36,2,reshare,0.18,0.3394102111330061,3
3276,scenario_060,2,39,2,reshare,0.12,0.30961852434552595,3
3277,scenario_060,2,44,2,reshare,0.18,0.33215293981019645,3
3278,scenario_060,1,13,3,reshare,0.18,0.18766690357729202,3
3279,scenario_060,2,15,3,reshare,0.12,0.14767759488978577,3
3280,scenario_060,2,17,3,reshare,0.18,0.23158344857064858,3
3281,scenario_060,2,18,3,reshare,0.41,0.538438649513485,3
3282,scenario_060,1,20,3,reshare,0.28,0.2202556527109204,3
3283,scenario_060,1,24,3,reshare,0.28,0.26948693108625543,3
3284,scenario_060,1,25,3,reshare,0.41,0.26497126303931423,3
3285,scenario_060,2,27,3,reshare,0.28,0.36814355959225736,3
3286,scenario_060,2,28,3,reshare,0.58,0.29757303485489495,3
3287,scenario_060,2,40,3,reshare,0.28,0.34326120184451325,3
3288,scenario_060,1,42,3,reshare,0.28,0.32992094388026655,3
3289,scenario_061,1,0,1,reshare,0.18,0.45670761514923314,3
3290,scenario_061,1,1,1,reshare,0.08,0.16752336785793784,3
3291,scenario_061,1,8,1,reshare,0.48,0.5052687272569171,3
3292,scenario_061,1,10,1,reshare,0.18,0.365639087314843,3
3293,scenario_061,1,15,1,reshare,0.12,0.3232933429847691,3
3294,scenario_061,1,20,1,reshare,0.18,0.36298739593269574,3
3295,scenario_061,1,26,1,reshare,0.08,0.10690167944439859,3
3296,scenario_061,1,27,1,reshare,0.18,0.3594797470476246,3
3297,scenario_061,1,31,1,reshare,0.18,0.2964514404804494,3
3298,scenario_061,1,32,1,reshare,0.12,0.26886211410071925,3
3299,scenario_061,1,34,1,reshare,0.08,0.22866023092073018,3
3300,scenario_061,1,36,1,reshare,0.08,0.18507396127776246,3
3301,scenario_061,1,37,1,reshare,0.18,0.21737255610260273,3
3302,scenario_061,1,2,2,reshare,0.12,0.23991708704409034,3
3303,scenario_061,1,6,2,reshare,0.18,0.3277204401022298,3
3304,scenario_061,2,8,2,reshare,0.28,0.5591757830882977,3
3305,scenario_061,1,9,2,reshare,0.28,0.41953779170841465,3
3306,scenario_061,2,15,2,reshare,0.18,0.4137253558414086,3
3307,scenario_061,1,24,2,reshare,0.08,0.21205107379803176,3
3308,scenario_061,1,25,2,reshare,0.28,0.4302486972354557,3
3309,scenario_061,1,29,2,reshare,0.18,0.1375030478728551,3
3310,scenario_061,2,31,2,reshare,0.18,0.34073904251858034,3
3311,scenario_061,1,41,2,reshare,0.08,0.3589003974069078,3
3312,scenario_061,2,0,3,reshare,0.41,0.4193283342348197,3
3313,scenario_061,2,1,3,reshare,0.18,0.29158998212552345,3
3314,scenario_061,1,3,3,reshare,0.18,0.3437192990204462,3
3315,scenario_061,1,5,3,reshare,0.08,0.1486526559371707,3
3316,scenario_061,1,7,3,reshare,0.22,0.6177879265368774,3
3317,scenario_061,2,10,3,reshare,0.28,0.368125476219718,3
3318,scenario_061,1,13,3,reshare,0.28,0.2879497618508552,3
3319,scenario_061,1,18,3,reshare,0.12,0.25958504993493475,3
3320,scenario_061,1,19,3,reshare,0.18,0.23335219060096302,3
3321,scenario_061,1,23,3,reshare,0.08,0.20050286481604815,3
3322,scenario_061,2,24,3,reshare,0.05,0.24491255225019912,3
3323,scenario_061,2,26,3,reshare,0.18,0.13197668077737823,3
3324,scenario_061,2,29,3,reshare,0.12,0.1655437947142657,3
3325,scenario_061,2,32,3,reshare,0.12,0.34216664653332635,3
3326,scenario_061,1,33,3,reshare,0.18,0.1888635279898492,3
3327,scenario_061,1,35,3,reshare,0.18,0.33742132908567973,3
3328,scenario_061,2,36,3,reshare,0.18,0.25265385564283005,3
3329,scenario_061,2,37,3,reshare,0.12,0.13583244812875767,3
3330,scenario_061,1,39,3,reshare,0.18,0.19587677530898737,3
3331,scenario_061,2,41,3,reshare,0.41,0.32776371528207565,3
3332,scenario_061,1,42,3,reshare,0.18,0.25468260254449915,3
3333,scenario_061,1,44,3,reshare,0.12,0.18394163509882253,3
3334,scenario_061,1,45,3,reshare,0.42,0.46197126403722155,3
3335,scenario_061,2,2,4,reshare,0.12,0.28432524635184586,3
3336,scenario_061,2,3,4,reshare,0.22,0.2470910966959975,3
3337,scenario_061,2,6,4,reshare,0.28,0.33358418208940954,3
3338,scenario_061,2,9,4,reshare,0.22,0.28632948579212547,3
3339,scenario_061,2,13,4,reshare,0.18,0.3621597012441807,3
3340,scenario_061,1,14,4,reshare,0.28,0.44905099112246366,3
3341,scenario_061,1,22,4,reshare,0.03,0.06755282791837675,3
3342,scenario_061,2,23,4,reshare,0.05,0.1103482641059892,3
3343,scenario_061,2,27,4,reshare,0.18,0.18986797976584602,3
3344,scenario_061,1,28,4,reshare,0.03,0.1540217339710167,3
3345,scenario_061,2,33,4,reshare,0.12,0.19744595212206095,3
3346,scenario_061,2,34,4,reshare,0.12,0.1474693414624516,3
3347,scenario_061,1,38,4,reshare,0.42,0.4376895812114526,3
3348,scenario_061,2,39,4,reshare,0.18,0.25653577814645195,3
3349,scenario_061,1,40,4,reshare,0.22,0.1537521003761844,3
3350,scenario_061,2,42,4,reshare,0.18,0.3255913782230104,3
3351,scenario_061,2,44,4,reshare,0.12,0.1144175849518923,3
3352,scenario_061,2,45,4,reshare,0.08,0.3176717151067523,3
3353,scenario_061,1,48,4,reshare,0.08,0.273919289281701,3
3354,scenario_061,2,5,5,reshare,0.08,0.16423186963519626,3
3355,scenario_061,2,19,5,reshare,0.08,0.23818405141630036,3
3356,scenario_061,2,20,5,reshare,0.12,0.3898921323348515,3
3357,scenario_061,1,30,5,reshare,0.12,0.2333268333388344,3
3358,scenario_061,2,35,5,reshare,0.12,0.3568995475978503,3
3359,scenario_061,1,49,5,reshare,0.05,0.1501355523214431,3
3360,scenario_062,1,0,1,reshare,0.18,0.1754141050823506,0
3361,scenario_062,1,3,1,reshare,0.58,0.328959586308437,0
3362,scenario_062,1,4,1,reshare,0.46,0.3471460104059599,0
3363,scenario_062,1,6,1,reshare,0.28,0.15234359626405064,0
3364,scenario_062,1,9,1,reshare,0.78,0.7140545903037463,0
3365,scenario_062,1,11,1,reshare,0.18,0.07751458396016236,0
3366,scenario_062,1,14,1,reshare,0.18,0.219800675754672,0
3367,scenario_062,1,16,1,reshare,0.58,0.29570719831568015,0
3368,scenario_062,1,18,1,reshare,0.38,0.3226428990328487,0
3369,scenario_062,1,19,1,reshare,0.12,0.1601994864639525,0
3370,scenario_062,1,21,1,reshare,0.48,0.361877467162937,0
3371,scenario_062,1,24,1,reshare,0.22,0.2149032527325222,0
3372,scenario_062,1,25,1,reshare,0.18,0.23477050745343128,0
3373,scenario_062,1,31,1,reshare,0.48,0.3001526415981422,0
3374,scenario_062,1,39,1,reshare,0.46,0.27637262885115166,0
3375,scenario_062,1,47,1,reshare,0.38,0.3582037214137889,0
3376,scenario_062,1,48,1,reshare,0.41,0.29116499418482017,0
3377,scenario_062,1,49,1,reshare,0.68,0.45395361570823184,0
3378,scenario_062,2,0,2,reshare,0.28,0.18517985962695027,0
3379,scenario_062,1,2,2,reshare,0.58,0.41820763002029937,0
3380,scenario_062,2,3,2,reshare,0.41,0.3577248412387939,0
3381,scenario_062,2,4,2,reshare,0.18,0.3469506964980571,0
3382,scenario_062,1,5,2,reshare,0.34,0.24047521988476614,0
3383,scenario_062,2,9,2,reshare,0.41,0.7138785724102796,0
3384,scenario_062,2,11,2,reshare,0.08,0.052108956510020565,0
3385,scenario_062,1,12,2,reshare,0.18,0.19087444589555588,0
3386,scenario_062,1,13,2,reshare,0.28,0.2983939333418378,0
3387,scenario_062,2,14,2,reshare,0.62,0.32294949876281454,0
3388,scenario_062,1,15,2,reshare,0.42,0.352809965403789,0
3389,scenario_062,1,17,2,reshare,0.41,0.38422525707607447,0
3390,scenario_062,2,19,2,reshare,0.34,0.2031923410576752,0
3391,scenario_062,1,22,2,reshare,0.41,0.2699223274164536,0
3392,scenario_062,1,26,2,reshare,0.18,0.13790294784256174,0
3393,scenario_062,1,28,2,reshare,0.18,0.2661075379131281,0
3394,scenario_062,1,33,2,reshare,0.38,0.2968594704675019,0
3395,scenario_062,1,35,2,reshare,0.48,0.3741664080457359,0
3396,scenario_062,1,37,2,reshare,0.18,0.2279176799586924,0
3397,scenario_062,2,39,2,reshare,0.46,0.29134427685727365,0
3398,scenario_062,1,43,2,reshare,0.41,0.2162888865462294,0
3399,scenario_062,1,44,2,reshare,0.18,0.2276471639883737,0
3400,scenario_062,2,47,2,reshare,0.18,0.4166874533207878,0
3401,scenario_062,1,1,3,reshare,0.18,0.17083318109529488,0
3402,scenario_062,1,7,3,reshare,0.28,0.28941697873524225,0
3403,scenario_062,1,8,3,reshare,0.57,0.3915296505389205,0
3404,scenario_062,1,10,3,reshare,0.46,0.45438198261732865,0
3405,scenario_062,2,12,3,reshare,0.18,0.14279387189840498,0
3406,scenario_062,2,13,3,reshare,0.18,0.2985615976360545,0
3407,scenario_062,2,15,3,reshare,0.18,0.35981148791260287,0
3408,scenario_062,2,17,3,reshare,0.42,0.4240071459423179,0
3409,scenario_062,2,18,3,reshare,0.41,0.40281506200065437,0
3410,scenario_062,2,21,3,reshare,0.18,0.2202152627081068,0
3411,scenario_062,2,22,3,reshare,0.46,0.33864334170960086,0
3412,scenario_062,1,23,3,reshare,0.08,0.12477067477870032,0
3413,scenario_062,2,25,3,reshare,0.18,0.24788883745312051,0
3414,scenario_062,2,26,3,reshare,0.12,0.10972813227759981,0
3415,scenario_062,1,27,3,reshare,0.41,0.2859671042916522,0
3416,scenario_062,2,28,3,reshare,0.18,0.39685701253049693,0
3417,scenario_062,1,30,3,reshare,0.28,0.2486004047908188,0
3418,scenario_062,2,31,3,reshare,0.18,0.18949167164854075,0
3419,scenario_062,1,32,3,reshare,0.18,0.13976707470305647,0
3420,scenario_062,2,33,3,reshare,0.41,0.2949191354398352,0
3421,scenario_062,2,35,3,reshare,0.68,0.37562505597788326,0
3422,scenario_062,2,37,3,reshare,0.28,0.29714878310582926,0
3423,scenario_062,1,40,3,reshare,0.18,0.1843238812879784,0
3424,scenario_062,1,41,3,reshare,0.72,0.4949460357517846,0
3425,scenario_062,2,43,3,reshare,0.28,0.22306622465699416,0
3426,scenario_062,1,45,3,reshare,0.12,0.11035517469947505,0
3427,scenario_062,1,46,3,reshare,0.28,0.23102480226344596,0
3428,scenario_062,2,49,3,reshare,0.62,0.5842411335772589,0
3429,scenario_062,2,7,4,reshare,0.28,0.2992664340950021,0
3430,scenario_062,2,30,4,reshare,0.18,0.25768305809508085,0
3431,scenario_062,1,34,4,reshare,0.28,0.3368472620668019,0
3432,scenario_063,1,2,1,reshare,0.12,0.11447187518931935,1
3433,scenario_063,1,3,1,reshare,0.18,0.2465331866538876,1
3434,scenario_063,1,5,1,reshare,0.18,0.16925750593572908,1
3435,scenario_063,1,9,1,reshare,0.12,0.16437411885455708,1
3436,scenario_063,1,10,1,reshare,0.58,0.2719301705704471,1
3437,scenario_063,1,16,1,reshare,0.08,0.10428564977525177,1
3438,scenario_063,1,18,1,reshare,0.18,0.19042714486847864,1
3439,scenario_063,1,21,1,reshare,0.22,0.1864149006188084,1
3440,scenario_063,1,22,1,reshare,0.18,0.3197444154950382,1
3441,scenario_063,1,25,1,reshare,0.18,0.16578204569636015,1
3442,scenario_063,1,29,1,reshare,0.08,0.14488195514854946,1
3443,scenario_063,1,32,1,reshare,0.08,0.17015771308386024,1
3444,scenario_063,1,34,1,reshare,0.28,0.2799119296607186,1
3445,scenario_063,1,40,1,reshare,0.48,0.4125260774743027,1
3446,scenario_063,1,1,2,reshare,0.28,0.37492576558448465,1
3447,scenario_063,2,3,2,reshare,0.18,0.26096027054723864,1
3448,scenario_063,1,6,2,reshare,0.03,0.06721009443759711,1
3449,scenario_063,1,15,2,reshare,0.25,0.36974317092230585,1
3450,scenario_063,2,25,2,reshare,0.12,0.16886560585412702,1
3451,scenario_063,1,31,2,reshare,0.18,0.16463265236524985,1
3452,scenario_064,1,0,1,reshare,0.58,0.49166555039597803,4
3453,scenario_064,1,4,1,reshare,0.18,0.2546854844815651,4
3454,scenario_064,1,7,1,reshare,0.18,0.22321192591320363,4
3455,scenario_064,1,10,1,reshare,0.08,0.16106898965043978,4
3456,scenario_064,1,16,1,reshare,0.18,0.19350843441391447,4
3457,scenario_064,1,22,1,reshare,0.38,0.37380138298086585,4
3458,scenario_064,1,23,1,reshare,0.28,0.23965688772872507,4
3459,scenario_064,1,26,1,reshare,0.46,0.40308718675473676,4
3460,scenario_064,1,31,1,reshare,0.42,0.5223275556995038,4
3461,scenario_064,1,34,1,reshare,0.18,0.2562757688123688,4
3462,scenario_064,1,36,1,reshare,0.18,0.35953767686874577,4
3463,scenario_064,1,42,1,reshare,0.08,0.24721541666496363,4
3464,scenario_064,1,44,1,reshare,0.18,0.31568767504957485,4
3465,scenario_064,1,49,1,reshare,0.08,0.30091946552287663,4
3466,scenario_064,1,2,2,reshare,0.28,0.3450613100494986,4
3467,scenario_064,1,5,2,reshare,0.72,0.5866085719845452,4
3468,scenario_064,1,12,2,reshare,0.28,0.3004559348666077,4
3469,scenario_064,1,15,2,reshare,0.46,0.39189930652883376,4
3470,scenario_064,1,17,2,reshare,0.38,0.4548060590952559,4
3471,scenario_064,1,24,2,reshare,0.18,0.282200093744468,4
3472,scenario_064,2,26,2,reshare,0.58,0.4523972810721818,4
3473,scenario_064,1,32,2,reshare,0.34,0.33388868975098007,4
3474,scenario_064,1,35,2,reshare,0.41,0.3713401730798359,4
3475,scenario_064,2,36,2,reshare,0.74,0.4290675115340723,4
3476,scenario_064,1,37,2,reshare,0.58,0.47924789189998546,4
3477,scenario_064,1,38,2,reshare,0.58,0.5159040386467052,4
3478,scenario_064,1,40,2,reshare,0.34,0.3163392176838782,4
3479,scenario_064,1,41,2,reshare,0.08,0.1749205183682561,4
3480,scenario_064,1,45,2,reshare,0.12,0.1900632282451022,4
3481,scenario_064,1,47,2,reshare,0.41,0.3798930047267592,4
3482,scenario_064,1,48,2,reshare,0.41,0.2829996794511657,4
3483,scenario_064,2,49,2,reshare,0.41,0.35165100162631885,4
3484,scenario_064,2,0,3,reshare,0.03,0.23253954778972924,4
3485,scenario_064,2,2,3,reshare,0.42,0.4093703707039051,4
3486,scenario_064,2,4,3,reshare,0.18,0.26194855087611146,4
3487,scenario_064,2,5,3,reshare,0.28,0.48667923689003906,4
3488,scenario_064,1,6,3,reshare,0.18,0.2970088529628036,4
3489,scenario_064,1,8,3,reshare,0.58,0.4086069732768958,4
3490,scenario_064,1,9,3,reshare,0.28,0.3627782763757127,4
3491,scenario_064,2,10,3,reshare,0.18,0.2099742130521135,4
3492,scenario_064,1,14,3,reshare,0.22,0.39919284186299525,4
3493,scenario_064,2,16,3,reshare,0.03,0.16983807078614516,4
3494,scenario_064,1,18,3,reshare,0.12,0.26583393964493296,4
3495,scenario_064,1,19,3,reshare,0.41,0.4090084209277922,4
3496,scenario_064,1,20,3,reshare,0.18,0.3043096473113495,4
3497,scenario_064,2,22,3,reshare,0.12,0.28815221248957334,4
3498,scenario_064,2,23,3,reshare,0.18,0.2670873955555095,4
3499,scenario_064,1,25,3,reshare,0.08,0.13322160992510515,4
3500,scenario_064,1,27,3,reshare,0.03,0.16521956857891024,4
3501,scenario_064,2,31,3,reshare,0.42,0.5862679370038605,4
3502,scenario_064,2,34,3,reshare,0.18,0.28470804381366066,4
3503,scenario_064,2,37,3,reshare,0.62,0.5480356734031802,4
3504,scenario_064,1,39,3,reshare,0.58,0.4460657488839956,4
3505,scenario_064,2,41,3,reshare,0.18,0.19458707370465614,4
3506,scenario_064,2,44,3,reshare,0.28,0.36978921686293303,4
3507,scenario_064,2,45,3,reshare,0.28,0.23085318949440503,4
3508,scenario_064,1,1,4,reshare,0.18,0.2946011504333867,4
3509,scenario_064,2,12,4,reshare,0.12,0.30891835020709696,4
3510,scenario_064,2,14,4,reshare,0.28,0.4309005123884812,4
3511,scenario_064,2,15,4,reshare,0.28,0.3919057915647339,4
3512,scenario_064,2,19,4,reshare,0.38,0.4711074525044462,4
3513,scenario_064,2,20,4,reshare,0.12,0.19119723979292308,4
3514,scenario_064,2,32,4,reshare,0.12,0.2178860271722194,4
3515,scenario_064,1,33,4,reshare,0.28,0.295453812281272,4
3516,scenario_064,2,38,4,reshare,0.58,0.5992824781013937,4
3517,scenario_064,2,42,4,reshare,0.18,0.15772785393644645,4
3518,scenario_064,1,43,4,reshare,0.08,0.15025388792861344,4
3519,scenario_064,2,8,5,reshare,0.28,0.28474173510609624,4
3520,scenario_064,2,24,5,reshare,0.08,0.17611080063441167,4
3521,scenario_065,1,0,1,reshare,0.18,0.13884127559498477,1
3522,scenario_065,1,7,1,reshare,0.28,0.2501886196193048,1
3523,scenario_065,1,13,1,reshare,0.12,0.11663748039293878,1
3524,scenario_065,1,14,1,reshare,0.12,0.11310006066312535,1
3525,scenario_065,1,20,1,reshare,0.28,0.15594555482240582,1
3526,scenario_065,1,24,1,reshare,0.31,0.23918351505060442,1
3527,scenario_065,1,27,1,reshare,0.18,0.14464068147722112,1
3528,scenario_065,1,39,1,reshare,0.05,0.09900626735958815,1
3529,scenario_065,1,46,1,reshare,0.22,0.2862119330466359,1
3530,scenario_065,1,2,2,reshare,0.12,0.1968301015399763,1
3531,scenario_065,1,3,2,reshare,0.18,0.16969335495466728,1
3532,scenario_065,1,4,2,reshare,0.18,0.2857310669421781,1
3533,scenario_065,1,6,2,reshare,0.12,0.26548157921757415,1
3534,scenario_065,1,10,2,reshare,0.28,0.19553202071187592,1
3535,scenario_065,1,17,2,reshare,0.08,0.1382025733469688,1
3536,scenario_065,2,27,2,reshare,0.18,0.19169533927858326,1
3537,scenario_065,1,30,2,reshare,0.08,0.11067932025434822,1
3538,scenario_065,1,34,2,reshare,0.08,0.08855062551270329,1
3539,scenario_065,1,36,2,reshare,0.41,0.2555298313553804,1
3540,scenario_065,1,40,2,reshare,0.41,0.2375806768028439,1
3541,scenario_065,1,43,2,reshare,0.22,0.09913229946609434,1
3542,scenario_065,2,2,3,reshare,0.22,0.2590486425720256,1
3543,scenario_065,1,9,3,reshare,0.18,0.1317990078555938,1
3544,scenario_065,2,13,3,reshare,0.08,0.06500614239113393,1
3545,scenario_065,2,14,3,reshare,0.12,0.13061772994417303,1
3546,scenario_065,2,17,3,reshare,0.08,0.16154133728803294,1
3547,scenario_065,1,18,3,reshare,0.18,0.17835814524819998,1
3548,scenario_065,2,20,3,reshare,0.28,0.11908457359787596,1
3549,scenario_065,1,22,3,reshare,0.38,0.24372106030571586,1
3550,scenario_065,1,23,3,reshare,0.18,0.1317695230282015,1
3551,scenario_065,2,24,3,reshare,0.41,0.2836641639273219,1
3552,scenario_065,1,25,3,reshare,0.08,0.0859650092905763,1
3553,scenario_065,1,28,3,reshare,0.41,0.26902272469651156,1
3554,scenario_065,1,37,3,reshare,0.12,0.24028910129294517,1
3555,scenario_065,1,38,3,reshare,0.12,0.07607120373916168,1
3556,scenario_065,2,39,3,reshare,0.08,0.11834747813453561,1
3557,scenario_065,2,40,3,reshare,0.08,0.16154840390643707,1
3558,scenario_065,2,46,3,reshare,0.58,0.3955990699437839,1
3559,scenario_065,1,48,3,reshare,0.28,0.1608563851900737,1
3560,scenario_065,2,4,4,reshare,0.08,0.19317431839514942,1
3561,scenario_065,1,19,4,reshare,0.18,0.2149276187228061,1
3562,scenario_065,1,21,4,reshare,0.08,0.2379533746906269,1
3563,scenario_065,2,25,4,reshare,0.12,0.10469976062764778,1
3564,scenario_065,1,33,4,reshare,0.12,0.11178386823320939,1
3565,scenario_065,2,43,4,reshare,0.18,0.1506364919194862,1
3566,scenario_065,1,47,4,reshare,0.08,0.08713567870652536,1
3567,scenario_065,1,49,4,reshare,0.12,0.12719413135017357,1
3568,scenario_066,1,0,1,reshare,0.52,0.3036827870401709,4
3569,scenario_066,1,5,1,reshare,0.08,0.19587195689288403,4
3570,scenario_066,1,6,1,reshare,0.18,0.2469030545316303,4
3571,scenario_066,1,10,1,reshare,0.08,0.1926656496894492,4
3572,scenario_066,1,11,1,reshare,0.63,0.3340134435009507,4
3573,scenario_066,1,17,1,reshare,0.08,0.16733210194825773,4
3574,scenario_066,1,25,1,reshare,0.08,0.1387957938311538,4
3575,scenario_066,1,27,1,reshare,0.72,0.5277356720819467,4
3576,scenario_066,1,30,1,reshare,0.78,0.6193593268647465,4
3577,scenario_066,1,39,1,reshare,0.42,0.4182180838343686,4
3578,scenario_066,1,43,1,reshare,0.18,0.19191490127647837,4
3579,scenario_066,1,47,1,reshare,0.28,0.3530026996352238,4
3580,scenario_066,2,0,2,reshare,0.18,0.3172889483664859,4
3581,scenario_066,1,1,2,reshare,0.03,0.08928828949809291,4
3582,scenario_066,1,3,2,reshare,0.42,0.2592796830431638,4
3583,scenario_066,2,6,2,reshare,0.18,0.1792263103247998,4
3584,scenario_066,1,7,2,reshare,0.28,0.2754338485747458,4
3585,scenario_066,1,8,2,reshare,0.42,0.30892947112645147,4
3586,scenario_066,2,10,2,reshare,0.38,0.19345022472589077,4
3587,scenario_066,2,11,2,reshare,0.62,0.43281623960438764,4
3588,scenario_066,1,14,2,reshare,0.46,0.406388757867219,4
3589,scenario_066,1,16,2,reshare,0.42,0.4414612835144274,4
3590,scenario_066,2,17,2,reshare,0.28,0.17101103091182948,4
3591,scenario_066,1,19,2,reshare,0.41,0.30959318602271124,4
3592,scenario_066,1,24,2,reshare,0.28,0.2995507648017417,4
3593,scenario_066,1,26,2,reshare,0.28,0.29426657326886535,4
3594,scenario_066,2,27,2,reshare,0.08,0.4573335767060976,4
3595,scenario_066,1,28,2,reshare,0.18,0.19222358432501324,4
3596,scenario_066,2,30,2,reshare,0.58,0.6301572147802762,4
3597,scenario_066,1,31,2,reshare,0.42,0.3586757650735216,4
3598,scenario_066,1,34,2,reshare,0.42,0.36468011281222756,4
3599,scenario_066,1,37,2,reshare,0.28,0.18200513721836714,4
3600,scenario_066,1,38,2,reshare,0.62,0.43023792838290564,4
3601,scenario_066,2,39,2,reshare,0.34,0.49260050082656487,4
3602,scenario_066,1,40,2,reshare,0.42,0.26312909268606993,4
3603,scenario_066,1,41,2,reshare,0.18,0.21758529121378675,4
3604,scenario_066,1,42,2,reshare,0.22,0.20725050395996406,4
3605,scenario_066,2,43,2,reshare,0.46,0.25522677108708053,4
3606,scenario_066,1,44,2,reshare,0.28,0.29546450568832305,4
3607,scenario_066,1,46,2,reshare,0.18,0.2572980358684669,4
3608,scenario_066,1,48,2,reshare,0.38,0.3625835547363844,4
3609,scenario_066,1,49,2,reshare,0.42,0.39392291935545104,4
3610,scenario_066,2,1,3,reshare,0.18,0.14020080626869894,4
3611,scenario_066,2,3,3,reshare,0.42,0.3029893880472809,4
3612,scenario_066,2,7,3,reshare,0.34,0.3163134587313144,4
3613,scenario_066,1,12,3,reshare,0.28,0.23897592485605262,4
3614,scenario_066,2,14,3,reshare,0.58,0.4122648221684745,4
3615,scenario_066,2,16,3,reshare,0.42,0.42117209462338717,4
3616,scenario_066,1,21,3,reshare,0.28,0.20613670581531524,4
3617,scenario_066,2,24,3,reshare,0.28,0.24648831055010148,4
3618,scenario_066,2,26,3,reshare,0.58,0.44169102560177553,4
3619,scenario_066,1,29,3,reshare,0.18,0.17962134790417217,4
3620,scenario_066,2,31,3,reshare,0.28,0.257939549337339,4
3621,scenario_066,1,32,3,reshare,0.38,0.3207495335018632,4
3622,scenario_066,2,34,3,reshare,0.72,0.5900257377830651,4
3623,scenario_066,1,36,3,reshare,0.62,0.44165705191501603,4
3624,scenario_066,2,37,3,reshare,0.28,0.1924418916348069,4
3625,scenario_066,2,38,3,reshare,0.42,0.43225172977846094,4
3626,scenario_066,2,40,3,reshare,0.34,0.3527053866843888,4
3627,scenario_066,2,41,3,reshare,0.18,0.24953186368388236,4
3628,scenario_066,2,44,3,reshare,0.22,0.34075821576624554,4
3629,scenario_066,1,45,3,reshare,0.28,0.2528071297387564,4
3630,scenario_066,2,46,3,reshare,0.22,0.34987628040669194,4
3631,scenario_066,2,48,3,reshare,0.34,0.4212680967379626,4
3632,scenario_066,2,49,3,reshare,0.28,0.4003407986158433,4
3633,scenario_066,2,12,4,reshare,0.28,0.24765887343712567,4
3634,scenario_066,1,13,4,reshare,0.42,0.38976291503887617,4
3635,scenario_066,2,28,4,reshare,0.18,0.2955590842657816,4
3636,scenario_066,2,29,4,reshare,0.12,0.1806491061917921,4
3637,scenario_066,1,4,5,reshare,0.18,0.1268281321545078,4
3638,scenario_066,2,21,5,reshare,0.38,0.2128373548297727,4
3639,scenario_066,2,25,5,reshare,0.18,0.14991513466341552,4
3640,scenario_067,1,1,1,reshare,0.18,0.12991098762984657,3
3641,scenario_067,1,2,1,reshare,0.05,0.1544689076589847,3
3642,scenario_067,1,5,1,reshare,0.18,0.27720771215478707,3
3643,scenario_067,1,12,1,reshare,0.18,0.540613923716913,3
3644,scenario_067,1,16,1,reshare,0.18,0.40834492125349403,3
3645,scenario_067,1,19,1,reshare,0.62,0.42194005429612247,3
3646,scenario_067,1,23,1,reshare,0.18,0.27747064787189896,3
3647,scenario_067,1,33,1,reshare,0.08,0.37508802173907363,3
3648,scenario_067,1,38,1,reshare,0.12,0.23470865716927986,3
3649,scenario_067,1,39,1,reshare,0.18,0.6144759303220373,3
3650,scenario_067,1,40,1,reshare,0.08,0.3591605487031616,3
3651,scenario_067,1,47,1,reshare,0.08,0.1252837508163518,3
3652,scenario_068,1,0,1,reshare,0.18,0.23113277308335833,2
3653,scenario_068,1,1,1,reshare,0.48,0.4191575901411446,2
3654,scenario_068,1,8,1,reshare,0.03,0.06352914444793492,2
3655,scenario_068,1,10,1,reshare,0.12,0.22087863230839344,2
3656,scenario_068,1,16,1,reshare,0.08,0.14823916598272296,2
3657,scenario_068,1,17,1,reshare,0.46,0.20825158211139053,2
3658,scenario_068,1,18,1,reshare,0.41,0.36332719237115263,2
3659,scenario_068,1,20,1,reshare,0.58,0.357504045736268,2
3660,scenario_068,1,22,1,reshare,0.22,0.2202875061893963,2
3661,scenario_068,1,26,1,reshare,0.08,0.13555361400265448,2
3662,scenario_068,1,28,1,reshare,0.05,0.06789539101785524,2
3663,scenario_068,1,29,1,reshare,0.18,0.1743833170029138,2
3664,scenario_068,1,35,1,reshare,0.08,0.10278604971549601,2
3665,scenario_068,1,39,1,reshare,0.58,0.389336810984368,2
3666,scenario_068,1,40,1,reshare,0.08,0.11649262865104927,2
3667,scenario_068,1,2,2,reshare,0.18,0.11132960518680243,2
3668,scenario_068,1,3,2,reshare,0.42,0.32090826514827014,2
3669,scenario_068,2,8,2,reshare,0.08,0.08480953489526147,2
3670,scenario_068,2,10,2,reshare,0.28,0.2618837393950407,2
3671,scenario_068,1,15,2,reshare,0.38,0.2436794336034972,2
3672,scenario_068,1,21,2,reshare,0.28,0.2065174531987311,2
3673,scenario_068,2,28,2,reshare,0.18,0.0797755685616279,2
3674,scenario_068,1,31,2,reshare,0.12,0.10383334487267845,2
3675,scenario_068,1,34,2,reshare,0.41,0.2874602202953719,2
3676,scenario_068,1,38,2,reshare,0.41,0.2774626570742965,2
3677,scenario_068,2,0,3,reshare,0.18,0.16284833775546878,2
3678,scenario_068,2,1,3,reshare,0.28,0.28649444424929565,2
3679,scenario_068,1,13,3,reshare,0.52,0.34090088579029143,2
3680,scenario_068,1,14,3,reshare,0.12,0.08251682899037895,2
3681,scenario_068,2,16,3,reshare,0.18,0.0866888908238762,2
3682,scenario_068,2,17,3,reshare,0.28,0.2112469057677953,2
3683,scenario_068,2,26,3,reshare,0.12,0.13222994151110093,2
3684,scenario_068,2,29,3,reshare,0.18,0.17326182888185424,2
3685,scenario_068,1,32,3,reshare,0.22,0.22725494750026415,2
3686,scenario_068,2,38,3,reshare,0.18,0.29017099958224474,2
3687,scenario_068,1,45,3,reshare,0.41,0.45339765502134516,2
3688,scenario_068,1,47,3,reshare,0.41,0.25135736409625903,2
3689,scenario_068,2,3,4,reshare,0.28,0.31702219281302396,2
3690,scenario_068,2,13,4,reshare,0.46,0.37041628403619614,2
3691,scenario_068,2,21,4,reshare,0.18,0.23866714207219342,2
3692,scenario_068,1,30,4,reshare,0.46,0.41378717828509143,2
3693,scenario_068,1,33,4,reshare,0.41,0.3260440850377179,2
3694,scenario_069,1,2,1,reshare,0.46,0.4015595445915628,3
3695,scenario_069,1,4,1,reshare,0.28,0.16981363807767624,3
3696,scenario_069,1,6,1,reshare,0.46,0.4133465139214024,3
3697,scenario_069,1,11,1,reshare,0.46,0.32393589826141994,3
3698,scenario_069,1,15,1,reshare,0.41,0.3351309536653059,3
3699,scenario_069,1,22,1,reshare,0.28,0.29874642921625993,3
3700,scenario_069,1,27,1,reshare,0.42,0.17518248081335577,3
3701,scenario_069,1,33,1,reshare,0.34,0.29242919961874636,3
3702,scenario_069,1,35,1,reshare,0.58,0.4198213005518248,3
3703,scenario_069,1,41,1,reshare,0.46,0.2854589968506162,3
3704,scenario_069,1,45,1,reshare,0.58,0.3515362501088044,3
3705,scenario_069,2,4,2,reshare,0.28,0.22587507955711122,3
3706,scenario_069,1,7,2,reshare,0.41,0.35480576383662876,3
3707,scenario_069,1,8,2,reshare,0.41,0.27487152649473623,3
3708,scenario_069,1,10,2,reshare,0.28,0.39627530501451097,3
3709,scenario_069,1,12,2,reshare,0.18,0.21296036805851082,3
3710,scenario_069,1,13,2,reshare,0.08,0.14832304100835836,3
3711,scenario_069,1,14,2,reshare,0.18,0.22297235229029733,3
3712,scenario_069,2,15,2,reshare,0.18,0.3451851775361151,3
3713,scenario_069,1,16,2,reshare,0.34,0.30423463660234157,3
3714,scenario_069,1,20,2,reshare,0.18,0.3174400965372426,3
3715,scenario_069,1,21,2,reshare,0.03,0.19759025823737678,3
3716,scenario_069,2,27,2,reshare,0.41,0.2566064000328186,3
3717,scenario_069,1,29,2,reshare,0.18,0.17762721587520547,3
3718,scenario_069,2,33,2,reshare,0.12,0.22682463537822883,3
3719,scenario_069,1,34,2,reshare,0.12,0.17197890875917438,3
3720,scenario_069,2,35,2,reshare,0.34,0.43446124176348877,3
3721,scenario_069,1,37,2,reshare,0.18,0.18913609820118008,3
3722,scenario_069,2,41,2,reshare,0.34,0.36268229830820287,3
3723,scenario_069,1,44,2,reshare,0.34,0.21179642825506054,3
3724,scenario_069,1,49,2,reshare,0.58,0.3628696321603447,3
3725,scenario_069,2,2,3,reshare,0.58,0.5238060695506223,3
3726,scenario_069,2,6,3,reshare,0.34,0.4506869683975061,3
3727,scenario_069,2,7,3,reshare,0.18,0.3547635427722409,3
3728,scenario_069,2,8,3,reshare,0.41,0.3467931466553252,3
3729,scenario_069,1,9,3,reshare,0.41,0.4371836372646102,3
3730,scenario_069,2,11,3,reshare,0.62,0.40441387943151774,3
3731,scenario_069,2,16,3,reshare,0.46,0.32103609190569316,3
3732,scenario_069,1,17,3,reshare,0.28,0.35416525080469624,3
3733,scenario_069,1,18,3,reshare,0.52,0.39181698307256363,3
3734,scenario_069,1,19,3,reshare,0.62,0.3702020387261336,3
3735,scenario_069,1,25,3,reshare,0.12,0.145348706774311,3
3736,scenario_069,1,26,3,reshare,0.28,0.264649919684725,3
3737,scenario_069,1,28,3,reshare,0.12,0.10346629533757638,3
3738,scenario_069,1,30,3,reshare,0.68,0.5280761686353991,3
3739,scenario_069,2,37,3,reshare,0.18,0.23975215923405027,3
3740,scenario_069,1,40,3,reshare,0.12,0.14090285482272277,3
3741,scenario_069,1,43,3,reshare,0.18,0.33311749172898736,3
3742,scenario_069,1,46,3,reshare,0.18,0.23131753831323768,3
3743,scenario_069,1,47,3,reshare,0.34,0.19939926360292892,3
3744,scenario_069,2,49,3,reshare,0.57,0.3756026747182099,3
3745,scenario_069,1,0,4,reshare,0.28,0.2102636506160163,3
3746,scenario_069,1,1,4,reshare,0.58,0.3935357775405048,3
3747,scenario_069,2,9,4,reshare,0.28,0.44911286877233336,3
3748,scenario_069,2,10,4,reshare,0.41,0.5081370407127133,3
3749,scenario_069,2,12,4,reshare,0.12,0.21074545963646255,3
3750,scenario_069,2,13,4,reshare,0.28,0.16480396023155694,3
3751,scenario_069,2,14,4,reshare,0.12,0.22539359699005787,3
3752,scenario_069,2,18,4,reshare,0.46,0.4733243288804017,3
3753,scenario_069,2,20,4,reshare,0.62,0.32049078280989907,3
3754,scenario_069,2,21,4,reshare,0.41,0.26840293264174897,3
3755,scenario_069,2,22,4,reshare,0.41,0.4199390004120417,3
3756,scenario_069,1,23,4,reshare,0.18,0.17191491550135224,3
3757,scenario_069,1,24,4,reshare,0.18,0.33220404025182393,3
3758,scenario_069,2,25,4,reshare,0.08,0.14662138503006966,3
3759,scenario_069,2,29,4,reshare,0.58,0.2493919980132277,3
3760,scenario_069,2,30,4,reshare,0.63,0.5950117916702259,3
3761,scenario_069,1,39,4,reshare,0.18,0.3167144701078086,3
3762,scenario_069,1,42,4,reshare,0.28,0.27975988056010176,3
3763,scenario_069,2,43,4,reshare,0.18,0.33344373033683394,3
3764,scenario_069,2,44,4,reshare,0.28,0.24508313775390006,3
3765,scenario_069,2,46,4,reshare,0.18,0.2527624937338843,3
3766,scenario_069,1,48,4,reshare,0.18,0.1910030136606616,3
3767,scenario_069,1,5,5,reshare,0.18,0.08949889557575634,3
3768,scenario_069,2,17,5,reshare,0.18,0.3042490935991669,3
3769,scenario_069,2,23,5,reshare,0.18,0.207093180081606,3
3770,scenario_069,1,32,5,reshare,0.42,0.42964507429990045,3
3771,scenario_069,2,34,5,reshare,0.12,0.20540121213966364,3
3772,scenario_069,2,40,5,reshare,0.18,0.20409132701108124,3
3773,scenario_069,2,45,5,reshare,0.68,0.5100821948262828,3
3774,scenario_069,2,47,5,reshare,0.28,0.15812493640699082,3
3775,scenario_069,2,48,5,reshare,0.08,0.13056016316527777,3
3776,scenario_069,2,1,6,reshare,0.18,0.36149361471293223,3
3777,scenario_069,2,24,6,reshare,0.08,0.21158792693967204,3
3778,scenario_069,1,38,6,reshare,0.18,0.1993048651404264,3
3779,scenario_069,2,26,7,reshare,0.62,0.36267443033787383,3
3780,scenario_070,1,1,1,reshare,0.18,0.202283877040141,4
3781,scenario_070,1,3,1,reshare,0.58,0.3480828923492601,4
3782,scenario_070,1,5,1,reshare,0.22,0.26199515125799694,4
3783,scenario_070,1,7,1,reshare,0.12,0.12393200924177956,4
3784,scenario_070,1,8,1,reshare,0.28,0.2711428464950067,4
3785,scenario_070,1,9,1,reshare,0.22,0.26469410824327766,4
3786,scenario_070,1,12,1,reshare,0.12,0.17269312471340742,4
3787,scenario_070,1,17,1,reshare,0.42,0.2097981928771231,4
3788,scenario_070,1,20,1,reshare,0.31,0.2990719894657851,4
3789,scenario_070,1,21,1,reshare,0.58,0.2930243227561181,4
3790,scenario_070,1,22,1,reshare,0.22,0.23192383912054731,4
3791,scenario_070,1,24,1,reshare,0.12,0.1439220090321845,4
3792,scenario_070,1,31,1,reshare,0.18,0.16990565042454436,4
3793,scenario_070,1,39,1,reshare,0.18,0.1892748735708231,4
3794,scenario_070,1,40,1,reshare,0.22,0.25825170937138703,4
3795,scenario_070,2,1,2,reshare,0.28,0.2304463047370493,4
3796,scenario_070,1,4,2,reshare,0.12,0.08785908979818952,4
3797,scenario_070,2,9,2,reshare,0.18,0.34311998712861347,4
3798,scenario_070,1,10,2,reshare,0.18,0.190434827216617,4
3799,scenario_070,1,14,2,reshare,0.18,0.10155468554224444,4
3800,scenario_070,2,21,2,reshare,0.12,0.2167774452021288,4
3801,scenario_070,1,26,2,reshare,0.08,0.14475479155371482,4
3802,scenario_070,1,27,2,reshare,0.12,0.1128548493100567,4
3803,scenario_070,1,48,2,reshare,0.12,0.1489289333171733,4
3804,scenario_070,1,49,2,reshare,0.18,0.18572765336441774,4
3805,scenario_070,1,0,3,reshare,0.08,0.08143767277186113,4
3806,scenario_070,1,2,3,reshare,0.22,0.18566473524139943,4
3807,scenario_070,2,3,3,reshare,0.46,0.40475662949867236,4
3808,scenario_070,2,7,3,reshare,0.08,0.13858135590222603,4
3809,scenario_070,2,10,3,reshare,0.18,0.22454956115072497,4
3810,scenario_070,1,11,3,reshare,0.12,0.13305355436973879,4
3811,scenario_070,2,17,3,reshare,0.18,0.2673062819545043,4
3812,scenario_070,1,19,3,reshare,0.18,0.1722857796117645,4
3813,scenario_070,2,31,3,reshare,0.18,0.23657924226832144,4
3814,scenario_070,2,39,3,reshare,0.18,0.18946070009720498,4
3815,scenario_070,1,42,3,reshare,0.05,0.11095045115070988,4
3816,scenario_070,1,45,3,reshare,0.2,0.1576234248619187,4
3817,scenario_071,1,0,1,reshare,0.46,0.5117062361238658,4
3818,scenario_071,1,3,1,reshare,0.18,0.296496258008285,4
3819,scenario_071,1,5,1,reshare,0.18,0.242340347415909,4
3820,scenario_071,1,8,1,reshare,0.41,0.3232524137722598,4
3821,scenario_071,1,10,1,reshare,0.28,0.4107438745831987,4
3822,scenario_071,1,14,1,reshare,0.41,0.3859145183159118,4
3823,scenario_071,1,16,1,reshare,0.34,0.3689606032035484,4
3824,scenario_071,1,19,1,reshare,0.41,0.36037026008185674,4
3825,scenario_071,1,23,1,reshare,0.41,0.2950089279793238,4
3826,scenario_071,1,25,1,reshare,0.62,0.522401536292995,4
3827,scenario_071,1,27,1,reshare,0.58,0.4854869961631827,4
3828,scenario_071,1,29,1,reshare,0.18,0.273152890770124,4
3829,scenario_071,1,32,1,reshare,0.41,0.38437467167251355,4
3830,scenario_071,1,33,1,reshare,0.58,0.5351398713151357,4
3831,scenario_071,1,39,1,reshare,0.41,0.43630814451955646,4
3832,scenario_071,1,45,1,reshare,0.18,0.21066178811613007,4
3833,scenario_071,1,46,1,reshare,0.46,0.4695147598619898,4
3834,scenario_071,1,48,1,reshare,0.46,0.4383200555073974,4
3835,scenario_071,1,1,2,reshare,0.62,0.5671397438058386,4
3836,scenario_071,2,3,2,reshare,0.12,0.1949325797761859,4
3837,scenario_071,2,5,2,reshare,0.12,0.17663643818034735,4
3838,scenario_071,1,9,2,reshare,0.42,0.5381890797820004,4
3839,scenario_071,2,10,2,reshare,0.12,0.30667245737421006,4
3840,scenario_071,1,11,2,reshare,0.58,0.455672414497971,4
3841,scenario_071,1,12,2,reshare,0.46,0.4766121798596521,4
3842,scenario_071,1,13,2,reshare,0.41,0.3095197316356068,4
3843,scenario_071,1,17,2,reshare,0.18,0.2683842512964496,4
3844,scenario_071,1,18,2,reshare,0.28,0.29059687671577206,4
3845,scenario_071,1,20,2,reshare,0.28,0.2944593183984894,4
3846,scenario_071,1,22,2,reshare,0.12,0.17672519447037469,4
3847,scenario_071,2,25,2,reshare,0.78,0.6903953037760022,4
3848,scenario_071,1,26,2,reshare,0.18,0.20588347593546202,4
3849,scenario_071,2,29,2,reshare,0.22,0.3420697352951457,4
3850,scenario_071,2,32,2,reshare,0.58,0.48660992645876966,4
3851,scenario_071,1,35,2,reshare,0.58,0.6403970863020364,4
3852,scenario_071,1,40,2,reshare,0.22,0.3466656994011224,4
3853,scenario_071,1,41,2,reshare,0.62,0.5191421483629133,4
3854,scenario_071,1,42,2,reshare,0.18,0.23306839627190223,4
3855,scenario_071,1,44,2,reshare,0.82,0.7437852295863973,4
3856,scenario_071,2,45,2,reshare,0.05,0.07993543784970528,4
3857,scenario_071,2,46,2,reshare,0.12,0.3381943639071142,4
3858,scenario_071,2,0,3,reshare,0.28,0.5684069650156778,4
3859,scenario_071,2,1,3,reshare,0.72,0.6942161991435977,4
3860,scenario_071,1,7,3,reshare,0.28,0.2531740215355734,4
3861,scenario_071,2,11,3,reshare,0.62,0.6510023372520274,4
3862,scenario_071,2,12,3,reshare,0.38,0.522097473248635,4
3863,scenario_071,2,16,3,reshare,0.41,0.43861460581282424,4
3864,scenario_071,2,19,3,reshare,0.46,0.40679961844393353,4
3865,scenario_071,1,21,3,reshare,0.42,0.31586882158971497,4
3866,scenario_071,2,26,3,reshare,0.38,0.24394775297704469,4
3867,scenario_071,2,33,3,reshare,0.28,0.45551146177760576,4
3868,scenario_071,1,36,3,reshare,0.72,0.6072991158844622,4
3869,scenario_071,2,42,3,reshare,0.41,0.2748571418114698,4
3870,scenario_071,1,43,3,reshare,0.28,0.2499741952346518,4
3871,scenario_071,1,47,3,reshare,0.41,0.36591479900173807,4
3872,scenario_071,2,48,3,reshare,0.08,0.3335233589518693,4
3873,scenario_071,1,2,4,reshare,0.58,0.6125934158352262,4
3874,scenario_071,2,7,4,reshare,0.22,0.41508385267659065,4
3875,scenario_071,2,8,4,reshare,0.72,0.4395415359249207,4
3876,scenario_071,2,9,4,reshare,0.58,0.5745310807227747,4
3877,scenario_071,2,13,4,reshare,0.58,0.4163104565258813,4
3878,scenario_071,2,14,4,reshare,0.46,0.48552459546253957,4
3879,scenario_071,2,17,4,reshare,0.05,0.1827025400457977,4
3880,scenario_071,2,20,4,reshare,0.41,0.6392519595721728,4
3881,scenario_071,1,24,4,reshare,0.62,0.5358719051963396,4
3882,scenario_071,1,28,4,reshare,0.28,0.32323520937448297,4
3883,scenario_071,2,35,4,reshare,0.46,0.7130841226609045,4
3884,scenario_071,1,37,4,reshare,0.28,0.255940989843574,4
3885,scenario_071,1,38,4,reshare,0.78,0.5113313491749816,4
3886,scenario_071,2,39,4,reshare,0.58,0.4586035741299426,4
3887,scenario_071,2,40,4,reshare,0.22,0.4024646645793968,4
3888,scenario_071,2,44,4,reshare,0.72,0.8552083094169658,4
3889,scenario_071,2,47,4,reshare,0.08,0.28281299373900354,4
3890,scenario_071,1,49,4,reshare,0.08,0.2442520184617006,4
3891,scenario_071,1,15,5,reshare,0.18,0.26087364564528637,4
3892,scenario_071,2,18,5,reshare,0.62,0.40443475910025595,4
3893,scenario_071,2,21,5,reshare,0.22,0.3523867545454552,4
3894,scenario_071,2,23,5,reshare,0.38,0.3442120881875302,4
3895,scenario_071,2,24,5,reshare,0.41,0.5422558488698301,4
3896,scenario_071,2,28,5,reshare,0.34,0.4109180351484399,4
3897,scenario_071,1,34,5,reshare,0.34,0.4169208559376408,4
3898,scenario_071,2,36,5,reshare,0.62,0.6118686289084314,4
3899,scenario_071,2,43,5,reshare,0.34,0.32764475286474026,4
3900,scenario_071,2,49,5,reshare,0.41,0.2589613766828262,4
3901,scenario_071,2,2,6,reshare,0.72,0.6940095610134603,4
3902,scenario_071,1,6,6,reshare,0.18,0.3256793402175144,4
3903,scenario_071,2,38,6,reshare,0.42,0.5660113815897111,4
3904,scenario_071,2,41,6,reshare,0.18,0.5155980060934284,4
3905,scenario_072,1,2,1,reshare,0.18,0.2769714550124329,0
3906,scenario_072,1,3,1,reshare,0.08,0.16273885810000258,0
3907,scenario_072,1,7,1,reshare,0.18,0.27841486720902014,0
3908,scenario_072,1,14,1,reshare,0.18,0.16809455098122567,0
3909,scenario_072,1,19,1,reshare,0.31,0.3903831456239691,0
3910,scenario_072,1,23,1,reshare,0.18,0.21961498444714567,0
3911,scenario_072,1,24,1,reshare,0.18,0.47303824327808247,0
3912,scenario_072,1,29,1,reshare,0.12,0.21003468488349814,0
3913,scenario_072,1,30,1,reshare,0.28,0.3210848157511625,0
3914,scenario_072,1,35,1,reshare,0.18,0.300070805913732,0
3915,scenario_072,1,44,1,reshare,0.18,0.2596149677587662,0
3916,scenario_072,1,48,1,reshare,0.18,0.256152495598451,0
3917,scenario_072,1,49,1,reshare,0.12,0.22831235347650128,0
3918,scenario_072,1,1,2,reshare,0.12,0.17723762231513532,0
3919,scenario_072,2,7,2,reshare,0.08,0.17393269439637055,0
3920,scenario_072,1,10,2,reshare,0.18,0.4789215065530465,0
3921,scenario_072,1,17,2,reshare,0.08,0.11103882490722401,0
3922,scenario_072,1,20,2,reshare,0.12,0.14868792406348955,0
3923,scenario_072,2,24,2,reshare,0.12,0.39827989100827516,0
3924,scenario_072,1,28,2,reshare,0.12,0.19138197708188712,0
3925,scenario_072,1,33,2,reshare,0.18,0.35946906354415764,0
3926,scenario_072,1,37,2,reshare,0.12,0.10916187611129428,0
3927,scenario_072,1,40,2,reshare,0.12,0.24723442781008667,0
3928,scenario_072,1,42,2,reshare,0.12,0.1772224831955521,0
3929,scenario_072,1,45,2,reshare,0.12,0.2345837478977584,0
3930,scenario_072,1,0,3,reshare,0.18,0.4769409746830822,0
3931,scenario_072,2,3,3,reshare,0.08,0.18090905749245842,0
3932,scenario_072,1,4,3,reshare,0.08,0.14967222643651243,0
3933,scenario_072,1,5,3,reshare,0.12,0.23648137834859273,0
3934,scenario_072,1,8,3,reshare,0.08,0.26728123478750504,0
3935,scenario_072,1,9,3,reshare,0.08,0.27526252413046604,0
3936,scenario_072,2,10,3,reshare,0.41,0.5833061448672135,0
3937,scenario_072,1,11,3,reshare,0.12,0.1598482440368633,0
3938,scenario_072,2,14,3,reshare,0.08,0.2423892035607304,0
3939,scenario_072,2,17,3,reshare,0.18,0.15564187847563712,0
3940,scenario_072,2,19,3,reshare,0.18,0.4433518336867554,0
3941,scenario_072,2,20,3,reshare,0.08,0.2250324418386285,0
3942,scenario_072,1,22,3,reshare,0.12,0.28444108023197634,0
3943,scenario_072,2,23,3,reshare,0.18,0.2397361109978926,0
3944,scenario_072,1,26,3,reshare,0.18,0.14687031178891866,0
3945,scenario_072,2,28,3,reshare,0.08,0.2163781789224591,0
3946,scenario_072,2,30,3,reshare,0.18,0.32603843084518863,0
3947,scenario_072,2,35,3,reshare,0.22,0.40890329002586895,0
3948,scenario_072,1,38,3,reshare,0.28,0.4169379047849997,0
3949,scenario_072,1,41,3,reshare,0.22,0.3987530788324858,0
3950,scenario_072,1,43,3,reshare,0.22,0.3719105401663823,0
3951,scenario_072,2,0,4,reshare,0.22,0.523952000026441,0
3952,scenario_072,2,2,4,reshare,0.18,0.3170671298466568,0
3953,scenario_072,2,5,4,reshare,0.08,0.2725176638463981,0
3954,scenario_072,2,8,4,reshare,0.12,0.2716070347736708,0
3955,scenario_072,2,9,4,reshare,0.03,0.16643504975710924,0
3956,scenario_072,1,12,4,reshare,0.08,0.12445764063557084,0
3957,scenario_072,1,18,4,reshare,0.08,0.1858483223250353,0
3958,scenario_072,1,25,4,reshare,0.28,0.3739297881486035,0
3959,scenario_072,1,27,4,reshare,0.03,0.08198193956069988,0
3960,scenario_072,1,31,4,reshare,0.28,0.33057765373519665,0
3961,scenario_072,2,33,4,reshare,0.22,0.4446574748448506,0
3962,scenario_072,2,37,4,reshare,0.18,0.13673892691927625,0
3963,scenario_072,1,39,4,reshare,0.41,0.43736356504770646,0
3964,scenario_072,2,40,4,reshare,0.07,0.1952972937424606,0
3965,scenario_072,2,41,4,reshare,0.12,0.3112247153795699,0
3966,scenario_072,2,42,4,reshare,0.18,0.21412067064131857,0
3967,scenario_072,2,45,4,reshare,0.12,0.23398214351284957,0
3968,scenario_072,2,49,4,reshare,0.18,0.3128987361918029,0
3969,scenario_073,1,1,1,reshare,0.18,0.13386127595344002,3
3970,scenario_073,1,2,1,reshare,0.41,0.340426583449231,3
3971,scenario_073,1,3,1,reshare,0.46,0.29435685607561785,3
3972,scenario_073,1,7,1,reshare,0.48,0.35631800408219305,3
3973,scenario_073,1,9,1,reshare,0.08,0.08875288501114606,3
3974,scenario_073,1,13,1,reshare,0.28,0.23265253368833355,3
3975,scenario_073,1,15,1,reshare,0.28,0.40661421956138905,3
3976,scenario_073,1,23,1,reshare,0.18,0.2250374708928914,3
3977,scenario_073,1,26,1,reshare,0.28,0.30720266104930893,3
3978,scenario_073,1,30,1,reshare,0.18,0.21978736231051635,3
3979,scenario_073,1,37,1,reshare,0.18,0.2715813110045114,3
3980,scenario_073,1,40,1,reshare,0.18,0.16300414973052202,3
3981,scenario_073,1,46,1,reshare,0.41,0.3185064483458861,3
3982,scenario_073,1,48,1,reshare,0.28,0.30928783207301125,3
3983,scenario_073,1,0,2,reshare,0.18,0.1106553674210878,3
3984,scenario_073,2,2,2,reshare,0.62,0.47902029509051325,3
3985,scenario_073,1,5,2,reshare,0.41,0.3596060501312371,3
3986,scenario_073,2,7,2,reshare,0.74,0.48824510188131914,3
3987,scenario_073,1,8,2,reshare,0.38,0.22031116296301292,3
3988,scenario_073,2,9,2,reshare,0.18,0.14331776095433765,3
3989,scenario_073,1,10,2,reshare,0.41,0.258792251452157,3
3990,scenario_073,1,12,2,reshare,0.18,0.1834859114029085,3
3991,scenario_073,2,13,2,reshare,0.28,0.18820339324919116,3
3992,scenario_073,1,14,2,reshare,0.46,0.27545451272690774,3
3993,scenario_073,2,15,2,reshare,0.18,0.414999685080403,3
3994,scenario_073,1,16,2,reshare,0.28,0.3180528811133227,3
3995,scenario_073,1,22,2,reshare,0.62,0.426089816581046,3
3996,scenario_073,1,24,2,reshare,0.58,0.47558112699173233,3
3997,scenario_073,1,25,2,reshare,0.28,0.28303399436624455,3
3998,scenario_073,1,27,2,reshare,0.18,0.22364855983399015,3
3999,scenario_073,1,28,2,reshare,0.58,0.40885133883496677,3
4000,scenario_073,1,31,2,reshare,0.41,0.2907550195937448,3
4001,scenario_073,1,32,2,reshare,0.41,0.435076884667222,3
4002,scenario_073,1,33,2,reshare,0.41,0.3698360275719901,3
4003,scenario_073,1,42,2,reshare,0.08,0.1461620607007227,3
4004,scenario_073,1,45,2,reshare,0.41,0.26812255132246243,3
4005,scenario_073,2,0,3,reshare,0.22,0.14205430635987265,3
4006,scenario_073,2,1,3,reshare,0.22,0.19930384082545322,3
4007,scenario_073,2,3,3,reshare,0.34,0.2964265726844384,3
4008,scenario_073,2,5,3,reshare,0.18,0.37105642607664946,3
4009,scenario_073,1,6,3,reshare,0.28,0.17277024627562676,3
4010,scenario_073,2,8,3,reshare,0.18,0.23251965301309213,3
4011,scenario_073,2,10,3,reshare,0.18,0.25984128106628934,3
4012,scenario_073,2,12,3,reshare,0.12,0.19043510089831067,3
4013,scenario_073,2,16,3,reshare,0.46,0.36064155662086644,3
4014,scenario_073,1,19,3,reshare,0.62,0.4395982426836415,3
4015,scenario_073,1,20,3,reshare,0.28,0.39847062241178294,3
4016,scenario_073,2,22,3,reshare,0.62,0.47066660571822316,3
4017,scenario_073,2,23,3,reshare,0.08,0.14974272093469468,3
4018,scenario_073,2,24,3,reshare,0.41,0.4953427443976237,3
4019,scenario_073,2,25,3,reshare,0.08,0.18230050222367605,3
4020,scenario_073,2,27,3,reshare,0.18,0.25875250760269053,3
4021,scenario_073,2,28,3,reshare,0.72,0.6310770961154807,3
4022,scenario_073,1,29,3,reshare,0.46,0.43791092942894494,3
4023,scenario_073,2,31,3,reshare,0.42,0.3434088598801931,3
4024,scenario_073,1,36,3,reshare,0.28,0.19357931673396425,3
4025,scenario_073,1,39,3,reshare,0.03,0.06630255212897411,3
4026,scenario_073,1,41,3,reshare,0.62,0.35050619441204944,3
4027,scenario_073,2,42,3,reshare,0.42,0.20469088343911312,3
4028,scenario_073,1,43,3,reshare,0.72,0.5380288509049109,3
4029,scenario_073,1,44,3,reshare,0.46,0.27215624017814766,3
4030,scenario_073,2,45,3,reshare,0.18,0.20428803682077054,3
4031,scenario_073,2,46,3,reshare,0.08,0.24529398230277033,3
4032,scenario_073,1,47,3,reshare,0.72,0.38381953610070846,3
4033,scenario_073,2,48,3,reshare,0.34,0.3649537248895996,3
4034,scenario_073,1,4,4,reshare,0.46,0.32547231824382755,3
4035,scenario_073,2,6,4,reshare,0.28,0.21814667214271138,3
4036,scenario_073,2,14,4,reshare,0.18,0.27918351538733993,3
4037,scenario_073,1,18,4,reshare,0.38,0.25437887079499744,3
4038,scenario_073,2,29,4,reshare,0.34,0.5402512618072252,3
4039,scenario_073,2,30,4,reshare,0.28,0.26110500830201644,3
4040,scenario_073,2,33,4,reshare,0.62,0.5872509382635989,3
4041,scenario_073,2,36,4,reshare,0.18,0.25303048308574994,3
4042,scenario_073,2,39,4,reshare,0.18,0.09473771803142308,3
4043,scenario_073,2,40,4,reshare,0.41,0.16683479853774622,3
4044,scenario_073,2,41,4,reshare,0.42,0.40123867478046926,3
4045,scenario_073,2,43,4,reshare,0.58,0.6089302911680717,3
4046,scenario_073,2,47,4,reshare,0.42,0.444954718042947,3
4047,scenario_073,2,32,5,reshare,0.42,0.48054924675366245,3
4048,scenario_073,2,37,5,reshare,0.18,0.29274481472295977,3
4049,scenario_073,2,4,6,reshare,0.18,0.32042382055844015,3
4050,scenario_073,2,20,6,reshare,0.34,0.3916796875300651,3
4051,scenario_073,2,26,6,reshare,0.58,0.3048897693920004,3
4052,scenario_074,1,0,1,reshare,0.22,0.23213144549659262,0
4053,scenario_074,1,4,1,reshare,0.08,0.09276851430242797,0
4054,scenario_074,1,11,1,reshare,0.08,0.06638902444063653,0
4055,scenario_074,1,15,1,reshare,0.28,0.2260488113289612,0
4056,scenario_074,1,21,1,reshare,0.28,0.23075577374736655,0
4057,scenario_074,1,25,1,reshare,0.12,0.1265689068272194,0
4058,scenario_074,1,27,1,reshare,0.41,0.22264696157151184,0
4059,scenario_074,1,32,1,reshare,0.08,0.049702024626808096,0
4060,scenario_074,1,33,1,reshare,0.12,0.1501181749108567,0
4061,scenario_074,1,36,1,reshare,0.12,0.22309656613282983,0
4062,scenario_074,1,41,1,reshare,0.18,0.19138042271263692,0
4063,scenario_074,1,42,1,reshare,0.12,0.2377550428103141,0
4064,scenario_074,1,47,1,reshare,0.18,0.23171325630752238,0
4065,scenario_074,1,3,2,reshare,0.08,0.14545002962475523,0
4066,scenario_074,1,14,2,reshare,0.03,0.08382305699659223,0
4067,scenario_074,1,16,2,reshare,0.05,0.13233790832240808,0
4068,scenario_074,1,17,2,reshare,0.48,0.38392444119691044,0
4069,scenario_074,1,22,2,reshare,0.31,0.3491469115538001,0
4070,scenario_074,1,23,2,reshare,0.58,0.2624347741180512,0
4071,scenario_074,1,29,2,reshare,0.12,0.2737079232347293,0
4072,scenario_074,2,32,2,reshare,0.12,0.07045954880552309,0
4073,scenario_074,1,35,2,reshare,0.18,0.21195882011957443,0
4074,scenario_074,1,37,2,reshare,0.05,0.12467942047269888,0
4075,scenario_074,1,40,2,reshare,0.05,0.04654845035835637,0
4076,scenario_074,1,46,2,reshare,0.12,0.07062361047852869,0
4077,scenario_074,1,1,3,reshare,0.18,0.1683614701813587,0
4078,scenario_074,1,7,3,reshare,0.18,0.22513883850802313,0
4079,scenario_074,1,8,3,reshare,0.34,0.24391830251840452,0
4080,scenario_074,1,10,3,reshare,0.58,0.32355105009193996,0
4081,scenario_074,2,29,3,reshare,0.58,0.3256519857005034,0
4082,scenario_074,2,33,3,reshare,0.28,0.1731084812389832,0
4083,scenario_074,2,46,3,reshare,0.18,0.09249284040671672,0
4084,scenario_074,1,9,4,reshare,0.18,0.19140270775612328,0
4085,scenario_074,2,17,4,reshare,0.58,0.4499485030101534,0
4086,scenario_074,2,22,4,reshare,0.58,0.5249975755129763,0
4087,scenario_075,1,4,1,reshare,0.08,0.11129966804636976,0
4088,scenario_075,1,9,1,reshare,0.08,0.09539363279901121,0
4089,scenario_075,1,10,1,reshare,0.58,0.24738420034419328,0
4090,scenario_075,1,11,1,reshare,0.05,0.07880254857151053,0
4091,scenario_075,1,15,1,reshare,0.12,0.10886392708860158,0
4092,scenario_075,1,29,1,reshare,0.05,0.05037905365197809,0
4093,scenario_075,1,32,1,reshare,0.22,0.18787196172724682,0
4094,scenario_075,1,34,1,reshare,0.22,0.3211235636676406,0
4095,scenario_075,1,35,1,reshare,0.28,0.20825700633422942,0
4096,scenario_075,1,39,1,reshare,0.18,0.21240169671672804,0
4097,scenario_075,1,43,1,reshare,0.18,0.1737974145356096,0
4098,scenario_075,1,45,1,reshare,0.18,0.2889614935812983,0
4099,scenario_075,1,1,2,reshare,0.08,0.1434825860442882,0
4100,scenario_075,1,2,2,reshare,0.18,0.20408763582935457,0
4101,scenario_075,2,10,2,reshare,0.08,0.17363033230002725,0
4102,scenario_075,2,15,2,reshare,0.08,0.08073083162587842,0
4103,scenario_075,1,20,2,reshare,0.05,0.05375904645905156,0
4104,scenario_075,1,25,2,reshare,0.58,0.23570168768071867,0
4105,scenario_075,1,26,2,reshare,0.08,0.0867720272369839,0
4106,scenario_075,1,28,2,reshare,0.12,0.22935735580714517,0
4107,scenario_075,2,34,2,reshare,0.08,0.38594024350526507,0
4108,scenario_075,2,35,2,reshare,0.18,0.14572759126401824,0
4109,scenario_075,1,40,2,reshare,0.18,0.09927302340507828,0
4110,scenario_075,1,44,2,reshare,0.12,0.15204051470797772,0
4111,scenario_075,2,45,2,reshare,0.18,0.33533292252217517,0
4112,scenario_075,1,3,3,reshare,0.41,0.2751492177153487,0
4113,scenario_075,1,8,3,reshare,0.18,0.07315541821009043,0
4114,scenario_075,1,12,3,reshare,0.28,0.2976140063339317,0
4115,scenario_075,1,17,3,reshare,0.12,0.20698480658437382,0
4116,scenario_075,1,21,3,reshare,0.03,0.06587066899414652,0
4117,scenario_075,1,22,3,reshare,0.08,0.10365499049109907,0
4118,scenario_075,2,25,3,reshare,0.58,0.2736194234845627,0
4119,scenario_075,2,32,3,reshare,0.12,0.19066581829284412,0
4120,scenario_075,1,33,3,reshare,0.18,0.1845315497017777,0
4121,scenario_075,1,37,3,reshare,0.58,0.41498839207757204,0
4122,scenario_075,2,39,3,reshare,0.22,0.22314126026542686,0
4123,scenario_075,1,42,3,reshare,0.08,0.14356728677032524,0
4124,scenario_075,2,43,3,reshare,0.12,0.17727060950327256,0
4125,scenario_075,2,4,4,reshare,0.03,0.06640237561685745,0
4126,scenario_075,1,7,4,reshare,0.05,0.06468257370148649,0
4127,scenario_075,2,8,4,reshare,0.03,0.021757344740530437,0
4128,scenario_075,2,11,4,reshare,0.18,0.06196711367753371,0
4129,scenario_075,2,12,4,reshare,0.07,0.24012934924041027,0
4130,scenario_075,1,16,4,reshare,0.12,0.15140830846558284,0
4131,scenario_075,1,18,4,reshare,0.08,0.15674358304277775,0
4132,scenario_075,2,29,4,reshare,0.03,0.027027422631163665,0
4133,scenario_075,1,30,4,reshare,0.08,0.1184508196020047,0
4134,scenario_075,1,36,4,reshare,0.18,0.178224042319676,0
4135,scenario_075,2,37,4,reshare,0.12,0.335736735770565,0
4136,scenario_075,1,38,4,reshare,0.03,0.04648160755390642,0
4137,scenario_075,2,40,4,reshare,0.08,0.07711135797669091,0
4138,scenario_075,1,41,4,reshare,0.08,0.18009019232662613,0
4139,scenario_075,2,42,4,reshare,0.03,0.08485164324741948,0
4140,scenario_075,2,44,4,reshare,0.08,0.08468508365997918,0
4141,scenario_075,1,46,4,reshare,0.08,0.08948549488558032,0
4142,scenario_075,1,48,4,reshare,0.12,0.11620843512348518,0
4143,scenario_075,2,18,5,reshare,0.12,0.0966809333175466,0
4144,scenario_075,2,33,5,reshare,0.08,0.1138092541557857,0
4145,scenario_075,2,46,5,reshare,0.05,0.055208412275964215,0
4146,scenario_075,1,47,5,reshare,0.08,0.1564534732232431,0
4147,scenario_076,1,0,1,reshare,0.05,0.07623461207709002,2
4148,scenario_076,1,2,1,reshare,0.12,0.1925525674141072,2
4149,scenario_076,1,9,1,reshare,0.28,0.24191655625274747,2
4150,scenario_076,1,11,1,reshare,0.18,0.2509257614466919,2
4151,scenario_076,1,20,1,reshare,0.05,0.16646924740592348,2
4152,scenario_076,1,22,1,reshare,0.41,0.30433385920383627,2
4153,scenario_076,1,30,1,reshare,0.28,0.18417048991435106,2
4154,scenario_076,1,35,1,reshare,0.05,0.15116019761949193,2
4155,scenario_076,1,41,1,reshare,0.18,0.23232571302577112,2
4156,scenario_076,1,43,1,reshare,0.05,0.0782319910106615,2
4157,scenario_076,1,44,1,reshare,0.18,0.17712745439789598,2
4158,scenario_076,1,47,1,reshare,0.28,0.2790327526408956,2
4159,scenario_076,2,2,2,reshare,0.28,0.19601630715920557,2
4160,scenario_076,1,6,2,reshare,0.18,0.24960079977071173,2
4161,scenario_076,1,7,2,reshare,0.28,0.2315751702746463,2
4162,scenario_076,2,22,2,reshare,0.28,0.3138113978470544,2
4163,scenario_076,2,41,2,reshare,0.18,0.33830187017740165,2
4164,scenario_076,1,42,2,reshare,0.18,0.2870335608775598,2
4165,scenario_076,1,45,2,reshare,0.18,0.2521508379623322,2
4166,scenario_076,2,0,3,reshare,0.12,0.07818508545797653,2
4167,scenario_076,1,8,3,reshare,0.18,0.26765420831678166,2
4168,scenario_076,1,15,3,reshare,0.08,0.2189685469281099,2
4169,scenario_076,2,20,3,reshare,0.18,0.17608195093975787,2
4170,scenario_076,1,36,3,reshare,0.28,0.379616854857903,2
4171,scenario_076,2,43,3,reshare,0.12,0.07609629047849206,2
4172,scenario_076,1,49,3,reshare,0.18,0.3009942187132079,2
4173,scenario_076,1,5,4,reshare,0.28,0.34130379983858306,2
4174,scenario_076,1,10,4,reshare,0.18,0.15103222706928415,2
4175,scenario_076,1,17,4,reshare,0.12,0.16134328234014936,2
4176,scenario_076,1,25,4,reshare,0.18,0.17363576594162897,2
4177,scenario_076,1,27,4,reshare,0.28,0.2224327054860842,2
4178,scenario_076,2,36,4,reshare,0.41,0.3872777883060189,2
4179,scenario_076,2,42,4,reshare,0.22,0.2801847305246833,2
4180,scenario_077,1,7,1,reshare,0.05,0.20050499629097274,3
4181,scenario_077,1,8,1,reshare,0.03,0.09854442061481991,3
4182,scenario_077,1,21,1,reshare,0.03,0.05506760624758727,3
4183,scenario_077,1,23,1,reshare,0.05,0.08155067621562857,3
4184,scenario_077,1,24,1,reshare,0.18,0.18575499773572535,3
4185,scenario_077,1,27,1,reshare,0.18,0.1724301649707118,3
4186,scenario_077,1,32,1,reshare,0.18,0.21797937540211956,3
4187,scenario_077,1,40,1,reshare,0.03,0.08061654257611182,3
4188,scenario_077,1,46,1,reshare,0.02,0.19012127310140867,3
4189,scenario_077,1,48,1,reshare,0.03,0.11710421953941957,3
4190,scenario_077,1,4,2,reshare,0.28,0.2542596674405286,3
4191,scenario_077,1,5,2,reshare,0.31,0.25113799974756146,3
4192,scenario_077,1,12,2,reshare,0.28,0.2625184195805253,3
4193,scenario_077,1,13,2,reshare,0.18,0.17223437834010755,3
4194,scenario_077,1,14,2,reshare,0.18,0.24001006358592308,3
4195,scenario_077,1,22,2,reshare,0.18,0.14787920604001173,3
4196,scenario_077,2,23,2,reshare,0.18,0.09351411900557241,3
4197,scenario_077,2,27,2,reshare,0.22,0.17555600333423446,3
4198,scenario_077,1,31,2,reshare,0.08,0.08277173540713875,3
4199,scenario_077,1,33,2,reshare,0.18,0.175157138427118,3
4200,scenario_077,1,35,2,reshare,0.08,0.06871668252383704,3
4201,scenario_077,1,36,2,reshare,0.18,0.1593308936855786,3
4202,scenario_077,1,37,2,reshare,0.28,0.3417762287213903,3
4203,scenario_077,1,0,3,reshare,0.08,0.05487191019346728,3
4204,scenario_077,1,1,3,reshare,0.05,0.0812763815087086,3
4205,scenario_077,1,2,3,reshare,0.08,0.1902115357209951,3
4206,scenario_077,2,4,3,reshare,0.18,0.1956511559272752,3
4207,scenario_077,2,5,3,reshare,0.18,0.25640005267549687,3
4208,scenario_077,2,7,3,reshare,0.12,0.120322456010416,3
4209,scenario_077,2,8,3,reshare,0.28,0.0682046579839888,3
4210,scenario_077,1,11,3,reshare,0.18,0.11111852326026822,3
4211,scenario_077,2,13,3,reshare,0.18,0.22289749137528644,3
4212,scenario_077,1,16,3,reshare,0.12,0.1495099342169553,3
4213,scenario_077,1,17,3,reshare,0.08,0.15886756804854885,3
4214,scenario_077,1,18,3,reshare,0.05,0.06350194449218609,3
4215,scenario_077,1,29,3,reshare,0.03,0.0601987385638151,3
4216,scenario_077,2,36,3,reshare,0.18,0.18153780060881827,3
4217,scenario_077,2,37,3,reshare,0.08,0.2636571656875277,3
4218,scenario_077,1,41,3,reshare,0.42,0.12523783733844224,3
4219,scenario_077,1,47,3,reshare,0.18,0.2352462748088332,3
4220,scenario_077,1,49,3,reshare,0.12,0.16773684514053536,3
4221,scenario_077,2,1,4,reshare,0.18,0.0945578549035412,3
4222,scenario_077,1,3,4,reshare,0.18,0.2302911233217856,3
4223,scenario_077,2,12,4,reshare,0.41,0.3065484175279274,3
4224,scenario_077,2,17,4,reshare,0.18,0.16646414594751918,3
4225,scenario_077,1,19,4,reshare,0.18,0.19637318008332416,3
4226,scenario_077,2,21,4,reshare,0.18,0.0865715582406259,3
4227,scenario_077,2,22,4,reshare,0.22,0.16371877439395424,3
4228,scenario_077,2,33,4,reshare,0.28,0.1895759507324342,3
4229,scenario_077,2,47,4,reshare,0.18,0.24081619733265108,3
4230,scenario_077,2,49,4,reshare,0.12,0.1738452763872993,3
4231,scenario_078,1,0,1,reshare,0.28,0.2994767868920831,2
4232,scenario_078,1,2,1,reshare,0.42,0.3110468467784253,2
4233,scenario_078,1,3,1,reshare,0.41,0.4354143096532003,2
4234,scenario_078,1,8,1,reshare,0.08,0.18424210384759745,2
4235,scenario_078,1,19,1,reshare,0.08,0.18733745933128532,2
4236,scenario_078,1,21,1,reshare,0.38,0.3050091247143894,2
4237,scenario_078,1,24,1,reshare,0.38,0.4674280827191088,2
4238,scenario_078,1,25,1,reshare,0.46,0.43639908278009476,2
4239,scenario_078,1,41,1,reshare,0.38,0.32533314577146455,2
4240,scenario_078,1,43,1,reshare,0.18,0.2847749543487516,2
4241,scenario_078,1,44,1,reshare,0.18,0.2670242904054636,2
4242,scenario_078,1,46,1,reshare,0.18,0.29453552599174526,2
4243,scenario_078,1,1,2,reshare,0.22,0.2705052263069199,2
4244,scenario_078,2,3,2,reshare,0.41,0.3577025756021727,2
4245,scenario_078,1,4,2,reshare,0.48,0.36224878329182375,2
4246,scenario_078,1,7,2,reshare,0.41,0.30673205301866074,2
4247,scenario_078,1,9,2,reshare,0.42,0.2994363115833358,2
4248,scenario_078,1,10,2,reshare,0.18,0.19894321945355647,2
4249,scenario_078,1,11,2,reshare,0.18,0.26803000235777374,2
4250,scenario_078,1,13,2,reshare,0.46,0.32188245572351215,2
4251,scenario_078,1,14,2,reshare,0.62,0.4284918533690358,2
4252,scenario_078,1,18,2,reshare,0.18,0.16563732564735884,2
4253,scenario_078,2,19,2,reshare,0.18,0.18434454848166434,2
4254,scenario_078,2,21,2,reshare,0.28,0.3036326817674677,2
4255,scenario_078,2,24,2,reshare,0.34,0.5275231437346761,2
4256,scenario_078,2,25,2,reshare,0.12,0.3386874604942886,2
4257,scenario_078,1,26,2,reshare,0.28,0.3436310274338777,2
4258,scenario_078,1,28,2,reshare,0.22,0.3346353545827926,2
4259,scenario_078,1,29,2,reshare,0.08,0.10438432381028609,2
4260,scenario_078,1,31,2,reshare,0.18,0.22674347504705356,2
4261,scenario_078,1,35,2,reshare,0.63,0.4003286944324781,2
4262,scenario_078,1,37,2,reshare,0.12,0.1602521332058996,2
4263,scenario_078,1,39,2,reshare,0.08,0.12191508082349814,2
4264,scenario_078,1,40,2,reshare,0.05,0.3098027925529851,2
4265,scenario_078,2,44,2,reshare,0.12,0.3082961394425504,2
4266,scenario_078,1,45,2,reshare,0.18,0.11870166833078663,2
4267,scenario_078,2,46,2,reshare,0.18,0.19093044132467651,2
4268,scenario_078,1,47,2,reshare,0.08,0.19779040568376893,2
4269,scenario_078,1,48,2,reshare,0.34,0.31336054447773243,2
4270,scenario_078,1,49,2,reshare,0.38,0.2895722653650924,2
4271,scenario_078,2,1,3,reshare,0.18,0.303754209791642,2
4272,scenario_078,2,2,3,reshare,0.42,0.3802153299663727,2
4273,scenario_078,1,6,3,reshare,0.38,0.2975758704387373,2
4274,scenario_078,2,7,3,reshare,0.28,0.33190191519980605,2
4275,scenario_078,2,11,3,reshare,0.38,0.3207476405561612,2
4276,scenario_078,1,12,3,reshare,0.46,0.30772654314219045,2
4277,scenario_078,1,15,3,reshare,0.28,0.19960458761080327,2
4278,scenario_078,1,17,3,reshare,0.62,0.5261158925717965,2
4279,scenario_078,1,22,3,reshare,0.46,0.3411554206714132,2
4280,scenario_078,2,26,3,reshare,0.68,0.4130580838329198,2
4281,scenario_078,2,28,3,reshare,0.62,0.3850130720450986,2
4282,scenario_078,2,29,3,reshare,0.18,0.11839704531344458,2
4283,scenario_078,2,31,3,reshare,0.52,0.30301223250516657,2
4284,scenario_078,1,33,3,reshare,0.42,0.25501132033206614,2
4285,scenario_078,2,35,3,reshare,0.46,0.48078658843957045,2
4286,scenario_078,2,37,3,reshare,0.18,0.19039078660112355,2
4287,scenario_078,1,38,3,reshare,0.18,0.2725961229534286,2
4288,scenario_078,2,40,3,reshare,0.62,0.3931620081431783,2
4289,scenario_078,2,41,3,reshare,0.42,0.3875993620938206,2
4290,scenario_078,2,43,3,reshare,0.72,0.3753086058143525,2
4291,scenario_078,2,49,3,reshare,0.42,0.32110210845209813,2
4292,scenario_078,2,0,4,reshare,0.62,0.38125279753651875,2
4293,scenario_078,1,5,4,reshare,0.48,0.39701157552013877,2
4294,scenario_078,2,9,4,reshare,0.46,0.36414995569148934,2
4295,scenario_078,2,10,4,reshare,0.18,0.21292787919500544,2
4296,scenario_078,2,12,4,reshare,0.38,0.4154516311557092,2
4297,scenario_078,2,13,4,reshare,0.42,0.3712274338879109,2
4298,scenario_078,2,14,4,reshare,0.62,0.5309461926478082,2
4299,scenario_078,2,15,4,reshare,0.38,0.25323124931688645,2
4300,scenario_078,1,16,4,reshare,0.58,0.6105543098489293,2
4301,scenario_078,2,18,4,reshare,0.34,0.2544982286609517,2
4302,scenario_078,1,34,4,reshare,0.38,0.233911343473027,2
4303,scenario_078,2,39,4,reshare,0.18,0.15388313714052984,2
4304,scenario_078,1,42,4,reshare,0.34,0.2546798291160338,2
4305,scenario_078,2,45,4,reshare,0.08,0.11850447822483981,2
4306,scenario_078,2,47,4,reshare,0.52,0.2751864702828611,2
4307,scenario_078,2,4,5,reshare,0.41,0.43944553268155473,2
4308,scenario_078,2,6,5,reshare,0.42,0.3540040865195046,2
4309,scenario_078,2,16,5,reshare,0.78,0.7122962015079622,2
4310,scenario_078,1,27,5,reshare,0.58,0.5003701052382313,2
4311,scenario_078,2,33,5,reshare,0.28,0.2860689951439174,2
4312,scenario_078,2,38,5,reshare,0.18,0.36068499544463356,2
4313,scenario_078,2,42,5,reshare,0.18,0.30375152230946145,2
4314,scenario_078,1,20,6,reshare,0.28,0.27702457988531026,2
4315,scenario_078,2,22,6,reshare,0.18,0.37370352465250806,2
4316,scenario_078,2,8,7,reshare,0.34,0.1759902699196748,2
4317,scenario_078,2,27,7,reshare,0.62,0.5531903346396144,2
4318,scenario_079,1,0,1,reshare,0.22,0.1238544834630132,3
4319,scenario_079,1,2,1,reshare,0.08,0.07982297732443779,3
4320,scenario_079,1,5,1,reshare,0.08,0.13838187503120733,3
4321,scenario_079,1,6,1,reshare,0.12,0.11886769696942731,3
4322,scenario_079,1,9,1,reshare,0.12,0.2037913566994508,3
4323,scenario_079,1,10,1,reshare,0.08,0.07420452467217523,3
4324,scenario_079,1,14,1,reshare,0.28,0.3216547160363707,3
4325,scenario_079,1,15,1,reshare,0.22,0.2550928124782719,3
4326,scenario_079,1,19,1,reshare,0.12,0.1830633305950436,3
4327,scenario_079,1,22,1,reshare,0.31,0.39983719361226827,3
4328,scenario_079,1,31,1,reshare,0.12,0.16899221083633195,3
4329,scenario_079,1,32,1,reshare,0.22,0.16511282250003004,3
4330,scenario_079,1,34,1,reshare,0.08,0.09496204828454738,3
4331,scenario_079,1,38,1,reshare,0.12,0.16705814796599364,3
4332,scenario_079,1,43,1,reshare,0.18,0.14123741212352803,3
4333,scenario_079,1,49,1,reshare,0.05,0.07423398239083542,3
4334,scenario_079,2,2,2,reshare,0.08,0.08144584164248635,3
4335,scenario_079,1,3,2,reshare,0.05,0.14725695472895947,3
4336,scenario_079,2,19,2,reshare,0.18,0.22264812761278213,3
4337,scenario_079,2,22,2,reshare,0.18,0.40396304079391315,3
4338,scenario_079,1,27,2,reshare,0.08,0.17959569043277568,3
4339,scenario_079,1,28,2,reshare,0.18,0.22947937285125958,3
4340,scenario_079,1,33,2,reshare,0.18,0.23441633748801036,3
4341,scenario_079,1,37,2,reshare,0.08,0.14407149290038093,3
4342,scenario_079,1,41,2,reshare,0.18,0.23322760131507972,3
4343,scenario_079,1,45,2,reshare,0.12,0.18576264485539618,3
4344,scenario_079,1,48,2,reshare,0.08,0.09951253077739608,3
4345,scenario_079,1,4,3,reshare,0.18,0.1569492420573317,3
4346,scenario_079,1,12,3,reshare,0.08,0.20930863862356613,3
4347,scenario_079,1,24,3,reshare,0.18,0.23049953511172577,3
4348,scenario_079,1,29,3,reshare,0.12,0.19743974578886012,3
4349,scenario_079,2,31,3,reshare,0.18,0.18957943565921878,3
4350,scenario_079,2,38,3,reshare,0.18,0.22614380631481165,3
